transaction_id,store_id,customer_id,transaction_date
123002578,2,C1010,2023/3/8
123004074,2,C485,2023/6/11
123000871,5,C1635,2023/7/7
123002851,1,C752,2023/1/20
123003607,3,C1541,2023/11/17
123000487,2,C1221,2023/12/7
123006324,4,C734,2023/9/18
123005769,3,C429,2023/12/9
123008467,1,C1604,2023/11/23
123008924,5,C1253,2023/6/10
123006398,2,C110,2023/9/7
123009762,1,C9,2023/7/1
123009779,1,C1667,2023/7/14
123005849,2,C1042,2023/10/24
123009881,1,C489,2023/8/13
123009905,1,C164,2023/7/22
123009956,3,C1437,2023/5/18
123008541,1,C1747,2023/2/21
123009987,1,C650,2023/3/23
123009996,3,C1541,2023/6/9
123006561,1,C1620,2023/9/25
123006600,1,C115,2023/7/1
123008945,4,C1285,2023/3/2
123010084,1,C1604,2023/4/13
123008948,1,C629,2023/7/24
123008591,4,C1110,2023/5/21
123006672,2,C787,2023/1/11
123010227,1,C64,2023/1/28
123006707,2,C16,2023/12/28
123010254,1,C986,2023/7/4
123009270,1,C1198,2023/8/18
123010296,5,C299,2023/12/21
123008037,2,C360,2023/4/10
123008053,3,C1330,2023/8/2
123008997,3,C1505,2023/10/15
123009271,1,C1268,2023/9/25
123010388,2,C50,2023/10/4
123008662,3,C381,2023/8/2
123010401,1,C1224,2023/3/3
123008100,4,C429,2023/1/21
123010492,4,C707,2023/1/12
123006897,1,C1645,2023/12/20
123009289,1,C985,2023/2/13
123007162,1,C1291,2023/8/25
123005983,3,C1004,2023/5/10
123010577,5,C1061,2023/5/27
123010597,1,C996,2023/11/21
123009293,5,C391,2023/10/12
123006025,2,C1221,2023/3/15
123010721,2,C1341,2023/9/2
123008749,3,C1180,2023/10/1
123010782,3,C1390,2023/8/19
123010869,2,C1610,2023/7/1
123006992,5,C1700,2023/3/25
123010943,2,C287,2023/3/20
123010973,5,C338,2023/5/11
123010979,2,C1230,2023/2/10
123007573,2,C949,2023/7/26
123007583,1,C1731,2023/2/1
123011082,3,C428,2023/1/1
123011212,2,C452,2023/10/19
123007173,3,C685,2023/12/3
123006109,3,C966,2023/5/10
123008192,4,C1740,2023/12/6
123009072,1,C460,2023/12/2
123007641,4,C929,2023/4/23
123008196,2,C1398,2023/2/21
123008210,4,C318,2023/11/15
123008222,1,C1479,2023/6/26
123006126,1,C599,2023/5/23
123008247,1,C566,2023/6/17
123007660,1,C332,2023/4/8
123009087,2,C289,2023/1/15
123009094,1,C752,2023/6/15
123007759,2,C166,2023/6/1
123006193,2,C1562,2023/2/1
123008341,4,C31,2023/8/15
123007231,5,C304,2023/5/24
123007867,3,C469,2023/9/23
123009180,2,C363,2023/7/27
123006229,1,C477,2023/1/16
123006250,2,C1392,2023/6/11
123008368,1,C671,2023/8/26
123009195,1,C1201,2023/4/14
123007948,4,C1659,2023/10/18
123009206,3,C244,2023/8/17
123012964,1,C1741,2023/8/8
123015824,3,C821,2023/5/27
123015830,2,C426,2023/9/19
123011798,1,C1646,2023/12/15
123011816,1,C1621,2023/8/27
123015934,1,C1130,2023/4/14
123015943,4,C1381,2023/11/4
123015958,1,C1257,2023/2/16
123016014,1,C136,2023/4/14
123011962,3,C494,2023/8/28
123013798,1,C149,2023/7/18
123011967,3,C418,2023/10/28
123011989,1,C1166,2023/6/4
123016083,4,C1261,2023/5/9
123014535,3,C1238,2023/11/24
123015460,1,C1170,2023/11/12
123016296,1,C1455,2023/11/2
123016303,1,C708,2023/1/11
123016319,3,C963,2023/10/20
123014556,1,C1745,2023/6/28
123016401,3,C1277,2023/4/2
123016410,5,C1112,2023/6/23
123012105,5,C306,2023/12/10
123014578,2,C38,2023/8/26
123012171,1,C1117,2023/5/25
123013094,3,C1617,2023/8/12
123012193,2,C526,2023/9/21
123016657,5,C1171,2023/11/23
123014614,4,C615,2023/8/2
123013112,1,C303,2023/6/21
123016715,5,C377,2023/8/12
123014993,4,C1614,2023/5/12
123012328,4,C108,2023/6/10
123013117,3,C31,2023/4/25
123012350,3,C1108,2023/9/1
123012377,5,C256,2023/5/2
123012386,4,C1738,2023/1/14
123014666,3,C1272,2023/6/19
123016895,5,C450,2023/12/14
123012413,1,C987,2023/9/6
123016897,1,C1705,2023/11/22
123011389,3,C189,2023/1/17
123017002,5,C1030,2023/6/12
123017017,3,C1522,2023/6/20
123015040,4,C1309,2023/10/25
123014690,3,C1059,2023/10/25
123014705,1,C1033,2023/10/22
123013203,2,C418,2023/1/2
123012496,1,C221,2023/1/15
123017077,1,C119,2023/12/6
123017122,3,C1337,2023/11/10
123014724,3,C1161,2023/12/24
123014746,1,C1038,2023/10/21
123012571,5,C1133,2023/5/25
123014751,1,C466,2023/12/1
123015081,1,C1089,2023/10/5
123014004,1,C332,2023/9/27
123014008,4,C754,2023/8/28
123014764,1,C1362,2023/9/6
123012664,4,C1148,2023/5/26
123014034,3,C1070,2023/6/1
123015585,1,C248,2023/10/20
123014798,5,C839,2023/5/6
123014814,4,C704,2023/6/2
123014818,3,C868,2023/12/27
123012703,5,C915,2023/10/1
123012713,1,C331,2023/11/20
123012715,3,C921,2023/1/5
123017557,5,C1510,2023/4/24
123017575,2,C830,2023/8/9
123013358,3,C762,2023/3/9
123014115,4,C458,2023/1/20
123015148,5,C1164,2023/12/24
123011785,2,C780,2023/3/14
123014136,4,C165,2023/11/9
123011560,4,C511,2023/5/27
123015632,1,C523,2023/12/1
123014158,1,C587,2023/10/5
123014172,4,C214,2023/9/2
123013545,3,C698,2023/12/15
123015747,1,C1545,2023/2/20
123015664,3,C110,2023/10/17
123012930,1,C1447,2023/11/4
123015231,1,C1348,2023/5/11
123015672,4,C1650,2023/7/7
123013774,1,C175,2023/3/20
123014347,1,C1714,2023/1/15
123015288,3,C213,2023/6/27
123015306,1,C671,2023/8/4
123015326,2,C481,2023/1/6
123015336,5,C751,2023/12/28
123013740,3,C39,2023/6/23
123011724,5,C1178,2023/10/3
123013747,1,C1418,2023/8/2
123011745,1,C595,2023/10/11
123018141,4,C853,2023/9/12
123019095,4,C802,2023/6/1
123019983,3,C1524,2023/2/23
123018193,5,C1482,2023/8/12
123020045,1,C1702,2023/7/28
123020134,3,C608,2023/10/13
123017796,1,C491,2023/9/21
123018765,1,C1608,2023/2/18
123020393,3,C1494,2023/9/17
123018315,1,C1549,2023/6/24
123020445,1,C1101,2023/6/9
123018814,4,C10,2023/8/9
123020838,4,C1694,2023/4/11
123020878,5,C1088,2023/10/2
123018432,4,C250,2023/6/1
123020952,2,C554,2023/2/4
123020962,1,C478,2023/7/14
123021047,5,C384,2023/1/26
123018471,5,C1624,2023/10/16
123018921,1,C952,2023/11/9
123019310,2,C1420,2023/12/9
123019619,5,C606,2023/4/8
123019663,1,C476,2023/5/12
123019361,4,C90,2023/6/26
123018587,1,C96,2023/7/17
123018945,1,C779,2023/10/12
123019673,1,C1234,2023/12/20
123018598,2,C737,2023/8/2
123018979,1,C891,2023/4/18
123018614,1,C1741,2023/4/5
123019422,5,C555,2023/11/19
123019011,3,C227,2023/12/4
123019042,1,C271,2023/1/19
123019467,2,C147,2023/11/19
123024889,2,C861,2023/5/4
123024946,1,C343,2023/5/14
123024956,1,C463,2023/2/22
123023774,2,C1196,2023/6/4
123023175,4,C46,2023/12/22
123025042,2,C1619,2023/1/10
123023813,5,C228,2023/11/16
123024169,1,C547,2023/3/19
123025190,1,C1363,2023/7/17
123025245,1,C682,2023/11/4
123021668,1,C1235,2023/6/12
123023851,5,C338,2023/6/20
123023862,2,C662,2023/11/4
123024196,1,C1454,2023/1/22
123023909,1,C895,2023/1/14
123025421,1,C1469,2023/6/7
123022565,4,C49,2023/6/16
123022571,1,C1669,2023/6/18
123021743,4,C1695,2023/2/11
123023911,4,C589,2023/9/22
123023914,1,C726,2023/3/28
123021791,1,C1086,2023/12/18
123023923,1,C1116,2023/8/25
123025631,3,C714,2023/5/11
123023929,3,C795,2023/11/1
123021891,1,C253,2023/4/3
123021913,1,C1463,2023/5/2
123023264,1,C633,2023/4/11
123024840,5,C951,2023/2/25
123025837,4,C1128,2023/2/14
123025850,1,C1702,2023/2/18
123023979,1,C764,2023/2/5
123022006,1,C1471,2023/11/3
123023326,4,C993,2023/11/17
123025944,4,C1287,2023/2/7
123025963,1,C1516,2023/12/24
123024632,3,C345,2023/9/7
123022013,2,C1230,2023/9/10
123022635,1,C1753,2023/11/16
123023370,4,C441,2023/4/26
123023380,2,C979,2023/11/8
123026119,1,C1697,2023/12/21
123026159,1,C709,2023/7/18
123024033,3,C1199,2023/1/26
123026167,5,C1185,2023/4/6
123026170,4,C241,2023/11/3
123022056,1,C385,2023/5/19
123022078,1,C1298,2023/10/2
123026261,1,C294,2023/1/20
123023459,5,C1186,2023/11/24
123026275,3,C1293,2023/5/8
123026333,1,C1316,2023/3/26
123026402,3,C1239,2023/5/19
123024330,1,C547,2023/8/21
123026409,5,C1603,2023/7/28
123021227,1,C820,2023/12/22
123026450,2,C553,2023/2/25
123022304,4,C285,2023/1/11
123023511,2,C1392,2023/1/4
123023528,1,C994,2023/1/11
123021116,3,C1459,2023/9/8
123023552,1,C807,2023/6/3
123021126,5,C326,2023/6/11
123022864,3,C1581,2023/8/14
123024387,4,C1597,2023/4/12
123022892,1,C1571,2023/12/9
123022403,1,C848,2023/6/4
123022934,2,C24,2023/6/20
123021447,1,C1430,2023/9/2
123022936,3,C163,2023/11/2
123023612,3,C1364,2023/10/11
123022409,1,C340,2023/9/18
123024425,3,C1579,2023/11/16
123022992,4,C1698,2023/12/10
123023677,1,C1623,2023/11/4
123023075,1,C1627,2023/11/21
123024462,1,C335,2023/8/1
123023084,1,C1118,2023/5/6
123023692,1,C1561,2023/11/17
123024485,3,C608,2023/7/13
123024833,3,C1470,2023/4/20
123021382,1,C718,2023/8/19
123023095,5,C961,2023/10/19
123023110,3,C871,2023/10/6
123024834,2,C66,2023/8/25
123024509,1,C1673,2023/8/1
123024519,3,C801,2023/3/15
123022457,1,C973,2023/8/27
123023134,3,C1743,2023/7/15
123030346,1,C1109,2023/8/20
123030368,3,C1570,2023/9/21
123029243,5,C449,2023/10/11
123030385,3,C1375,2023/8/2
123028047,2,C451,2023/12/18
123028715,2,C148,2023/7/27
123027062,4,C773,2023/2/11
123028724,2,C447,2023/2/13
123027080,2,C409,2023/4/8
123027107,1,C1017,2023/8/19
123027116,4,C1607,2023/3/9
123028763,1,C914,2023/8/24
123030555,5,C1165,2023/11/17
123027141,4,C1643,2023/9/21
123028078,1,C999,2023/1/1
123027168,1,C303,2023/6/27
123030613,3,C513,2023/1/19
123030697,3,C505,2023/7/28
123027199,1,C3,2023/1/23
123028104,4,C1510,2023/12/28
123029350,5,C899,2023/11/1
123030722,1,C1065,2023/5/18
123030773,1,C1295,2023/5/10
123030839,5,C800,2023/12/12
123028784,4,C633,2023/10/11
123030876,1,C524,2023/12/7
123029404,3,C1527,2023/7/3
123027268,5,C621,2023/6/20
123027304,3,C93,2023/10/11
123029748,3,C813,2023/8/28
123029750,1,C931,2023/2/8
123028168,2,C564,2023/3/25
123030973,2,C343,2023/2/16
123027320,1,C1310,2023/11/20
123026592,2,C1167,2023/12/2
123028911,1,C1326,2023/11/26
123028193,1,C975,2023/4/6
123028217,4,C675,2023/11/4
123031264,5,C941,2023/11/22
123031275,1,C1410,2023/4/26
123028962,1,C1193,2023/11/10
123026681,1,C8,2023/11/25
123030141,2,C198,2023/11/24
123026709,2,C252,2023/6/5
123029807,1,C990,2023/7/12
123027722,4,C1353,2023/9/7
123029575,4,C1020,2023/12/18
123031545,1,C72,2023/11/20
123031550,1,C694,2023/4/18
123030164,5,C359,2023/2/22
123029593,1,C40,2023/12/12
123029600,2,C844,2023/12/19
123029605,4,C1278,2023/11/10
123031799,1,C1708,2023/11/19
123029618,2,C1685,2023/11/8
123031949,5,C502,2023/11/3
123026752,2,C231,2023/3/4
123031989,1,C1474,2023/8/13
123026769,2,C1103,2023/6/11
123027895,1,C1451,2023/3/23
123029070,2,C76,2023/10/7
123028446,5,C1357,2023/7/15
123030233,3,C1156,2023/5/16
123028494,4,C364,2023/12/28
123029095,1,C597,2023/4/5
123026815,4,C146,2023/1/26
123029884,5,C211,2023/8/21
123028543,2,C602,2023/6/14
123029136,3,C698,2023/12/5
123029152,1,C472,2023/7/18
123026872,1,C411,2023/5/6
123028577,4,C1147,2023/6/21
123028593,1,C1609,2023/10/2
123028612,3,C1059,2023/8/15
123026877,4,C1695,2023/12/9
123028023,1,C1223,2023/10/26
123029965,2,C596,2023/6/1
123030325,1,C164,2023/12/7
123029217,2,C93,2023/4/26
123028691,5,C108,2023/10/2
123033456,3,C888,2023/8/28
123034595,5,C269,2023/10/19
123032688,5,C513,2023/2/9
123032692,5,C380,2023/9/21
123034984,1,C1670,2023/3/11
123032713,1,C1539,2023/12/26
123033325,1,C659,2023/12/25
123034141,5,C957,2023/12/1
123036046,5,C1361,2023/10/25
123032776,5,C1148,2023/7/14
123036070,4,C1057,2023/6/6
123036104,2,C1248,2023/12/5
123036124,5,C347,2023/8/3
123032808,1,C175,2023/9/25
123036168,1,C835,2023/5/14
123033510,5,C256,2023/3/26
123032835,1,C1569,2023/10/19
123032837,4,C1207,2023/4/21
123036242,2,C136,2023/11/17
123036296,2,C1179,2023/8/24
123033540,3,C1650,2023/2/20
123035019,1,C743,2023/11/14
123036330,1,C1621,2023/4/10
123036385,2,C218,2023/11/4
123035434,1,C701,2023/5/16
123036496,4,C723,2023/8/25
123032965,5,C1208,2023/7/28
123034711,4,C1269,2023/6/1
123033576,1,C504,2023/9/28
123033583,2,C1495,2023/4/6
123036591,1,C219,2023/4/7
123036602,1,C1100,2023/5/11
123032216,4,C1292,2023/10/18
123033012,1,C478,2023/8/8
123034759,5,C1638,2023/9/20
123033612,5,C687,2023/10/6
123033071,3,C1145,2023/9/5
123036813,1,C268,2023/10/28
123036828,3,C1400,2023/5/9
123032260,4,C856,2023/7/1
123034969,1,C914,2023/8/10
123034795,1,C1516,2023/12/12
123035495,5,C108,2023/5/24
123033109,1,C1274,2023/3/11
123032267,5,C776,2023/1/19
123033141,4,C1225,2023/7/11
123035077,1,C545,2023/9/19
123037122,4,C863,2023/7/13
123037153,1,C1561,2023/8/28
123034846,1,C671,2023/11/1
123033198,2,C862,2023/12/23
123037192,4,C1360,2023/10/23
123032313,1,C1054,2023/6/21
123034896,4,C314,2023/9/24
123037269,4,C955,2023/2/23
123033222,3,C1039,2023/8/11
123037297,2,C1392,2023/6/26
123033245,4,C1500,2023/9/4
123037304,5,C249,2023/7/27
123034300,2,C612,2023/6/19
123035520,1,C736,2023/9/26
123033264,1,C557,2023/10/16
123033270,1,C1072,2023/12/18
123034932,1,C530,2023/3/12
123033705,1,C1066,2023/6/6
123037568,1,C294,2023/12/16
123034964,2,C937,2023/7/2
123035110,5,C313,2023/9/25
123037630,4,C1122,2023/11/28
123033769,4,C802,2023/9/10
123033389,4,C1098,2023/4/9
123034417,1,C54,2023/6/17
123034425,1,C300,2023/4/27
123032412,2,C51,2023/5/16
123035201,3,C456,2023/11/7
123035650,1,C1561,2023/12/12
123035229,3,C1462,2023/12/3
123033895,4,C679,2023/1/18
123033916,1,C789,2023/5/20
123033935,1,C557,2023/7/11
123033940,4,C1614,2023/12/4
123032475,5,C95,2023/8/1
123033961,2,C1519,2023/9/5
123033965,2,C1251,2023/12/28
123034020,1,C1140,2023/10/18
123034518,1,C225,2023/11/18
123035309,3,C880,2023/9/15
123035331,5,C243,2023/8/21
123034058,3,C1732,2023/1/3
123033413,4,C1722,2023/3/12
123034589,4,C176,2023/1/9
123038996,5,C581,2023/5/26
123040675,1,C268,2023/9/21
123039895,4,C274,2023/11/25
123037634,5,C1462,2023/5/9
123042005,1,C1329,2023/5/20
123040684,2,C19,2023/9/9
123042017,1,C348,2023/7/26
123038233,3,C1286,2023/11/22
123038244,4,C1076,2023/1/8
123041095,2,C862,2023/10/18
123040732,4,C241,2023/12/19
123042181,1,C650,2023/1/2
123038318,3,C1699,2023/7/4
123038324,4,C737,2023/11/13
123042313,4,C1425,2023/3/6
123042315,5,C383,2023/2/23
123037669,2,C1152,2023/6/1
123042498,5,C317,2023/5/22
123042509,4,C710,2023/4/14
123040797,2,C1014,2023/8/24
123039161,4,C1511,2023/9/28
123038393,2,C400,2023/3/9
123042549,4,C1572,2023/1/4
123040008,1,C1308,2023/10/17
123040840,2,C1078,2023/10/18
123042658,1,C908,2023/12/20
123038504,1,C1115,2023/12/13
123038514,1,C79,2023/5/4
123040851,1,C753,2023/11/1
123042854,1,C1084,2023/6/12
123037721,3,C479,2023/8/14
123041153,2,C828,2023/11/12
123040861,4,C830,2023/4/12
123037734,2,C844,2023/10/9
123042958,1,C1354,2023/5/25
123042971,3,C220,2023/8/17
123040056,2,C1080,2023/2/15
123043021,4,C1037,2023/8/12
123038587,1,C346,2023/2/24
123041180,2,C1649,2023/11/21
123039277,1,C926,2023/10/24
123040070,1,C895,2023/11/12
123039292,1,C646,2023/1/20
123041186,4,C675,2023/8/15
123040115,2,C168,2023/10/18
123038884,1,C395,2023/3/16
123037787,1,C1266,2023/9/9
123037800,1,C509,2023/4/11
123041510,4,C688,2023/2/1
123040913,2,C167,2023/1/21
123043274,4,C1547,2023/2/23
123040154,1,C344,2023/1/3
123038666,4,C1339,2023/1/5
123043312,3,C638,2023/10/26
123038671,4,C702,2023/10/9
123040185,5,C11,2023/5/19
123038705,3,C143,2023/8/28
123038715,1,C470,2023/9/28
123039330,1,C1634,2023/8/26
123043416,4,C324,2023/12/16
123039332,4,C1547,2023/11/28
123038739,1,C634,2023/10/12
123043438,1,C1514,2023/3/9
123040233,4,C1202,2023/7/18
123041536,2,C17,2023/11/2
123040968,4,C71,2023/2/16
123043534,1,C1672,2023/12/21
123040281,3,C1005,2023/7/14
123043584,2,C1358,2023/12/6
123040334,1,C1137,2023/10/9
123041607,2,C1519,2023/12/4
123040405,1,C767,2023/11/2
123039570,2,C1598,2023/11/1
123039601,5,C11,2023/11/23
123041667,4,C935,2023/10/18
123040446,1,C775,2023/12/15
123041681,2,C748,2023/6/7
123040453,2,C569,2023/8/2
123038900,1,C1003,2023/11/14
123038119,1,C8,2023/7/22
123040482,4,C1252,2023/1/2
123039745,2,C215,2023/1/2
123039763,3,C932,2023/5/15
123040575,5,C645,2023/8/19
123041733,4,C1136,2023/8/23
123040592,4,C955,2023/10/5
123041346,1,C1036,2023/1/12
123040602,4,C678,2023/5/14
123038052,4,C703,2023/11/19
123041742,5,C333,2023/11/18
123039835,4,C790,2023/12/12
123038957,2,C273,2023/3/12
123044216,1,C1401,2023/1/21
123046422,1,C848,2023/7/28
123047971,2,C1657,2023/6/28
123046466,1,C894,2023/5/16
123043598,1,C1395,2023/3/24
123044259,2,C126,2023/10/20
123044271,4,C917,2023/4/25
123046546,2,C1049,2023/8/2
123046557,1,C958,2023/12/12
123043638,3,C924,2023/5/2
123047491,1,C499,2023/11/16
123048390,1,C162,2023/4/23
123048416,1,C1489,2023/12/27
123048450,4,C863,2023/8/9
123046572,5,C181,2023/5/10
123047509,4,C676,2023/11/22
123048623,1,C64,2023/5/2
123046992,2,C452,2023/10/22
123046616,2,C1279,2023/7/17
123047536,2,C665,2023/5/11
123045281,2,C1374,2023/9/11
123043728,1,C806,2023/2/1
123044462,4,C1597,2023/6/16
123048748,1,C1223,2023/6/21
123048749,5,C1032,2023/10/14
123046674,4,C1687,2023/10/27
123046678,1,C904,2023/9/27
123045888,4,C1674,2023/1/18
123048828,4,C453,2023/12/6
123046681,5,C234,2023/11/5
123045915,1,C1590,2023/9/19
123045921,2,C357,2023/8/7
123048894,3,C142,2023/2/3
123044552,5,C1674,2023/10/1
123044601,3,C1145,2023/7/19
123045327,1,C905,2023/11/7
123045377,1,C358,2023/7/22
123049026,1,C45,2023/6/23
123044675,2,C1162,2023/6/22
123044687,3,C1432,2023/2/11
123049119,1,C1496,2023/4/10
123047065,1,C994,2023/11/6
123049156,1,C414,2023/4/21
123047094,3,C1312,2023/8/4
123045998,1,C1501,2023/6/13
123043839,1,C914,2023/7/25
123046071,3,C1180,2023/6/13
123045011,1,C1568,2023/8/7
123049262,2,C22,2023/1/24
123049268,3,C589,2023/11/16
123046800,1,C414,2023/6/25
123049310,4,C339,2023/1/10
123044826,1,C1159,2023/2/26
123046089,1,C1532,2023/9/1
123049388,1,C351,2023/1/6
123049477,2,C1367,2023/9/15
123047192,1,C1702,2023/12/16
123049560,2,C554,2023/6/16
123046843,4,C1538,2023/1/8
123049571,1,C1461,2023/9/19
123046116,4,C1563,2023/12/14
123045029,2,C517,2023/5/15
123046887,3,C180,2023/8/28
123049610,1,C219,2023/9/5
123044908,5,C638,2023/1/28
123044909,4,C617,2023/12/26
123049633,4,C433,2023/11/15
123044945,4,C1595,2023/10/12
123049718,5,C1214,2023/3/16
123044964,2,C1402,2023/6/10
123043911,1,C1,2023/10/19
123045493,1,C1303,2023/11/10
123047707,4,C945,2023/11/13
123046174,1,C281,2023/4/1
123047293,3,C185,2023/11/13
123045575,1,C209,2023/10/18
123047770,1,C789,2023/9/20
123046230,3,C770,2023/12/5
123046242,1,C890,2023/1/27
123044008,1,C312,2023/12/17
123047345,4,C1692,2023/3/22
123047398,1,C901,2023/8/22
123044141,2,C965,2023/1/11
123046355,2,C805,2023/5/2
123047429,4,C1155,2023/8/18
123047446,1,C1493,2023/8/16
123049758,1,C1191,2023/8/1
123050305,1,C906,2023/6/23
123054477,5,C237,2023/12/9
123053983,5,C1740,2023/11/13
123051572,5,C672,2023/5/27
123053533,1,C1747,2023/4/10
123050343,3,C1650,2023/1/16
123054479,1,C1086,2023/6/24
123053554,1,C1445,2023/7/17
123053108,1,C833,2023/7/14
123051307,1,C607,2023/9/21
123050418,1,C1306,2023/10/12
123050421,3,C1176,2023/10/2
123054539,1,C34,2023/2/3
123050424,3,C761,2023/8/13
123054543,5,C139,2023/4/17
123049802,2,C1427,2023/9/20
123050445,4,C951,2023/8/15
123052375,1,C806,2023/4/18
123050450,1,C1131,2023/12/28
123052399,1,C65,2023/6/7
123054010,1,C284,2023/7/2
123052411,4,C1459,2023/8/6
123054366,1,C44,2023/12/24
123054684,1,C749,2023/10/26
123054735,5,C1404,2023/11/22
123053165,1,C1479,2023/10/7
123051613,1,C1661,2023/7/15
123051622,2,C168,2023/7/1
123054897,4,C892,2023/1/5
123050569,4,C359,2023/12/22
123053182,1,C527,2023/1/4
123050618,1,C42,2023/5/12
123050270,1,C1401,2023/12/2
123049845,1,C838,2023/3/11
123050651,4,C559,2023/11/5
123055097,5,C322,2023/3/5
123050736,2,C574,2023/5/20
123051721,1,C382,2023/10/16
123054050,1,C451,2023/11/18
123055200,1,C1388,2023/9/2
123053227,4,C1750,2023/8/25
123055211,1,C1121,2023/8/21
123055214,1,C1690,2023/7/24
123054054,5,C1175,2023/4/7
123053254,5,C769,2023/7/3
123049905,2,C1215,2023/4/14
123049912,1,C1480,2023/7/8
123053256,1,C1512,2023/10/4
123053257,1,C460,2023/3/14
123054070,2,C837,2023/11/13
123050845,3,C406,2023/4/24
123052536,4,C1061,2023/11/13
123053259,4,C679,2023/6/23
123052553,5,C1654,2023/1/24
123052563,1,C1714,2023/6/5
123055462,4,C443,2023/6/10
123055472,1,C624,2023/7/15
123053315,4,C435,2023/9/3
123053318,5,C1624,2023/4/4
123051336,1,C595,2023/10/19
123055490,1,C724,2023/8/9
123049939,1,C26,2023/12/18
123050972,2,C544,2023/1/25
123055511,4,C198,2023/12/5
123053384,5,C528,2023/7/10
123055593,3,C1039,2023/12/10
123053388,4,C28,2023/7/5
123051815,2,C943,2023/12/7
123055647,1,C1235,2023/1/18
123053730,3,C35,2023/4/22
123055694,3,C765,2023/12/1
123055718,2,C1331,2023/8/25
123055733,4,C401,2023/11/24
123052662,1,C493,2023/3/8
123054138,3,C1277,2023/12/16
123053449,3,C90,2023/11/8
123055820,1,C1195,2023/7/13
123051197,1,C412,2023/4/11
123053756,5,C1574,2023/10/12
123055867,1,C886,2023/11/13
123055877,4,C49,2023/9/9
123053488,5,C1160,2023/4/12
123051262,4,C1412,2023/11/20
123051297,2,C38,2023/8/15
123053525,1,C1274,2023/3/14
123053792,2,C142,2023/3/10
123051939,2,C1324,2023/10/11
123051970,3,C920,2023/9/10
123052810,2,C1385,2023/11/2
123051387,4,C723,2023/11/11
123050033,5,C800,2023/3/11
123053828,5,C1384,2023/6/9
123054211,1,C67,2023/11/26
123052342,1,C493,2023/10/23
123051397,3,C626,2023/12/18
123052844,5,C1237,2023/12/3
123052856,3,C319,2023/12/10
123050090,1,C1317,2023/5/6
123053846,1,C829,2023/11/7
123054238,4,C1128,2023/12/24
123052129,3,C948,2023/5/18
123052134,1,C254,2023/1/21
123052136,1,C1448,2023/8/26
123051447,3,C182,2023/3/9
123054259,5,C1578,2023/6/10
123051472,3,C1106,2023/12/27
123052924,1,C70,2023/5/26
123052935,4,C1653,2023/1/28
123052942,1,C976,2023/5/15
123052955,2,C625,2023/10/9
123053890,1,C519,2023/4/5
123052231,1,C261,2023/6/19
123050198,1,C566,2023/10/25
123054324,1,C1342,2023/11/20
123053023,1,C989,2023/11/1
123053954,1,C895,2023/12/3
123058149,1,C1732,2023/8/17
123057791,1,C1159,2023/11/19
123057347,2,C431,2023/10/19
123057796,5,C342,2023/8/20
123058288,1,C1469,2023/11/2
123057386,1,C1534,2023/9/11
123058377,1,C86,2023/9/9
123056864,5,C1176,2023/12/9
123058396,1,C1052,2023/11/19
123058407,1,C1509,2023/12/25
123058472,4,C283,2023/11/3
123057405,5,C669,2023/7/19
123056471,3,C921,2023/11/27
123058593,2,C1056,2023/8/25
123058641,1,C17,2023/6/8
123058671,2,C390,2023/3/2
123057454,5,C1355,2023/8/23
123058756,5,C129,2023/4/23
123057862,1,C1573,2023/5/11
123058888,1,C307,2023/10/12
123058903,4,C744,2023/11/5
123057871,2,C896,2023/8/4
123058942,4,C1031,2023/2/27
123058955,1,C755,2023/1/8
123057462,1,C65,2023/8/3
123058972,1,C600,2023/9/27
123057471,4,C20,2023/1/1
123059088,5,C1607,2023/6/2
123057874,5,C18,2023/11/28
123059116,1,C94,2023/8/11
123057047,2,C689,2023/11/18
123056556,4,C577,2023/1/22
123057484,2,C742,2023/11/10
123057052,5,C845,2023/7/22
123059141,3,C1013,2023/8/16
123059188,1,C1236,2023/12/9
123059303,1,C124,2023/1/5
123059400,4,C576,2023/1/3
123057511,4,C641,2023/7/17
123059666,1,C416,2023/3/9
123057110,2,C1406,2023/12/23
123057134,3,C948,2023/7/26
123056133,2,C466,2023/5/17
123056619,4,C1067,2023/11/26
123057154,4,C295,2023/2/24
123057615,2,C1099,2023/4/22
123057621,1,C1320,2023/6/18
123057214,3,C1752,2023/8/17
123056186,2,C1598,2023/9/12
123056195,5,C1700,2023/12/6
123056745,1,C1045,2023/7/6
123058064,1,C315,2023/4/20
123056770,4,C1588,2023/8/23
123056778,5,C622,2023/5/5
123057316,5,C327,2023/12/14
123056806,4,C1703,2023/5/11
123056304,3,C142,2023/5/25
123060996,5,C1511,2023/7/8
123060998,1,C753,2023/2/21
123063602,1,C701,2023/5/23
123061813,4,C881,2023/11/25
123062406,1,C1328,2023/12/28
123060221,1,C827,2023/3/1
123061031,1,C1336,2023/7/18
123060253,4,C1676,2023/8/17
123061040,1,C307,2023/10/26
123063254,4,C1543,2023/7/16
123061108,1,C1316,2023/5/27
123061117,1,C1449,2023/7/2
123060302,2,C482,2023/12/23
123060319,1,C882,2023/1/2
123062492,3,C858,2023/8/11
123064111,4,C1452,2023/7/15
123060368,4,C688,2023/9/9
123064156,4,C1232,2023/9/27
123064171,1,C525,2023/6/19
123064201,2,C1086,2023/7/2
123061940,3,C696,2023/6/21
123060459,1,C1469,2023/4/3
123060480,3,C1238,2023/12/12
123060489,5,C568,2023/5/24
123060500,3,C610,2023/12/14
123061975,4,C1508,2023/11/22
123064461,1,C1301,2023/12/8
123064491,2,C1143,2023/2/17
123059794,1,C1219,2023/9/6
123060562,2,C239,2023/10/7
123064547,5,C87,2023/5/6
123064560,5,C573,2023/12/13
123059797,4,C1541,2023/9/9
123060598,4,C1282,2023/2/6
123062641,1,C1679,2023/7/23
123060611,1,C587,2023/4/8
123064631,1,C341,2023/12/10
123064638,1,C59,2023/9/7
123062668,1,C1671,2023/10/14
123064731,2,C1019,2023/10/18
123061270,1,C1534,2023/12/23
123064745,1,C1168,2023/12/16
123064889,1,C833,2023/7/27
123062708,1,C1054,2023/7/17
123064961,4,C670,2023/9/9
123060739,4,C984,2023/12/2
123062714,4,C815,2023/1/26
123062051,4,C108,2023/12/16
123061325,4,C1578,2023/2/11
123062746,1,C80,2023/10/18
123065116,4,C483,2023/6/12
123062064,3,C978,2023/7/27
123061350,1,C1518,2023/8/17
123062962,4,C1263,2023/7/4
123060810,1,C618,2023/12/17
123065181,4,C1269,2023/11/27
123065235,3,C1592,2023/3/28
123065269,1,C1125,2023/8/14
123062978,1,C603,2023/6/7
123063393,1,C430,2023/6/23
123060831,3,C851,2023/9/23
123062087,3,C432,2023/9/27
123060890,3,C128,2023/6/24
123065352,1,C1525,2023/11/16
123059883,1,C579,2023/7/7
123062145,4,C929,2023/9/10
123059901,2,C1680,2023/4/5
123061786,1,C973,2023/8/8
123060931,3,C362,2023/7/17
123062206,4,C1557,2023/6/26
123063106,4,C270,2023/8/18
123061559,3,C1749,2023/8/18
123062260,1,C309,2023/9/28
123061563,1,C1276,2023/12/17
123062275,1,C960,2023/6/4
123062278,4,C1550,2023/1/26
123062280,1,C1025,2023/8/20
123063515,2,C1616,2023/5/15
123063123,1,C1366,2023/12/27
123063537,1,C1206,2023/5/15
123060039,1,C144,2023/11/5
123062322,2,C760,2023/8/19
123062332,1,C1410,2023/8/7
123063578,3,C1024,2023/4/11
123062362,3,C1053,2023/7/5
123062369,4,C326,2023/3/25
123069269,2,C235,2023/12/21
123065890,3,C616,2023/6/17
123069340,1,C820,2023/7/1
123068144,2,C1460,2023/10/27
123065912,4,C511,2023/8/18
123067606,4,C1682,2023/1/8
123069372,1,C254,2023/6/19
123067003,1,C59,2023/8/10
123067625,1,C403,2023/1/8
123067627,3,C791,2023/12/11
123066004,1,C1403,2023/8/6
123068177,1,C822,2023/5/1
123068179,2,C1314,2023/7/7
123065395,1,C445,2023/10/15
123069549,1,C1411,2023/10/25
123069578,4,C1701,2023/10/21
123065399,4,C1595,2023/7/21
123068192,3,C831,2023/1/4
123066096,5,C1008,2023/11/15
123066102,4,C2,2023/4/2
123067645,5,C1710,2023/9/21
123069037,3,C1752,2023/10/5
123068574,4,C1380,2023/9/16
123067669,1,C245,2023/3/11
123069683,3,C321,2023/11/2
123065420,3,C1583,2023/3/17
123069748,1,C1146,2023/8/20
123068246,1,C1320,2023/6/5
123069786,1,C202,2023/8/12
123069059,2,C215,2023/2/3
123068281,1,C275,2023/12/11
123068583,1,C521,2023/11/17
123067093,3,C1127,2023/1/16
123066812,2,C1352,2023/8/21
123067130,4,C450,2023/8/1
123070166,1,C524,2023/9/22
123070178,1,C1125,2023/4/15
123067143,1,C1707,2023/11/28
123068322,2,C323,2023/4/4
123070248,3,C1311,2023/8/13
123070300,1,C431,2023/1/28
123067166,2,C1085,2023/8/10
123066366,5,C454,2023/12/17
123068384,3,C1215,2023/8/21
123067181,2,C1713,2023/1/18
123066826,1,C709,2023/2/23
123070423,1,C1537,2023/12/22
123070442,4,C594,2023/5/24
123069094,4,C1304,2023/11/27
123068440,4,C1533,2023/2/21
123067793,2,C272,2023/8/10
123067266,4,C325,2023/11/28
123066663,4,C487,2023/4/24
123070947,4,C1040,2023/12/26
123066886,2,C1591,2023/3/17
123067319,4,C1614,2023/7/4
123067325,2,C849,2023/2/11
123067849,1,C335,2023/10/17
123069126,5,C197,2023/6/5
123067352,4,C876,2023/12/13
123068762,1,C952,2023/1/13
123068766,2,C320,2023/6/12
123067370,1,C202,2023/8/5
123067882,1,C29,2023/11/24
123068845,1,C779,2023/10/8
123067976,1,C1431,2023/8/14
123065662,3,C90,2023/9/23
123065669,5,C305,2023/11/19
123065703,4,C376,2023/10/22
123067558,1,C614,2023/11/9
123068963,3,C653,2023/10/24
123066955,3,C35,2023/12/12
123068967,1,C1054,2023/5/13
123068061,4,C1569,2023/11/19
123065791,3,C1023,2023/4/10
123069200,1,C1073,2023/6/16
123065823,1,C262,2023/6/21
123067582,1,C1226,2023/3/21
123073647,1,C1270,2023/6/21
123074940,4,C1549,2023/9/20
123074949,4,C1555,2023/9/13
123074960,5,C156,2023/11/4
123074967,3,C1524,2023/7/10
123074994,1,C1257,2023/9/20
123075088,1,C1235,2023/11/6
123075089,1,C1421,2023/12/9
123073712,5,C232,2023/7/24
123073191,1,C1120,2023/11/26
123072511,1,C804,2023/3/23
123075160,4,C935,2023/4/2
123075207,1,C1043,2023/1/7
123071854,1,C268,2023/2/14
123073736,4,C441,2023/10/14
123073747,3,C486,2023/8/10
123072579,1,C131,2023/3/8
123075418,1,C1622,2023/8/11
123074901,2,C675,2023/2/3
123075429,1,C538,2023/8/24
123074608,4,C1716,2023/9/27
123074123,1,C1051,2023/1/20
123075545,1,C624,2023/12/16
123073267,2,C400,2023/6/14
123075628,5,C1565,2023/2/18
123075630,1,C973,2023/12/5
123073856,5,C537,2023/1/9
123075642,2,C1730,2023/9/18
123075675,4,C46,2023/12/11
123074175,3,C1215,2023/6/8
123072373,1,C1077,2023/5/14
123075776,5,C679,2023/11/20
123075779,1,C557,2023/10/4
123073901,2,C1212,2023/12/21
123075894,1,C1159,2023/5/18
123074215,3,C610,2023/4/12
123075953,1,C124,2023/9/6
123072123,1,C1366,2023/1/17
123072717,2,C1048,2023/2/28
123072720,1,C7,2023/8/1
123072745,1,C170,2023/8/5
123072751,4,C860,2023/6/26
123076128,3,C919,2023/1/23
123072161,1,C1688,2023/1/28
123072171,3,C1409,2023/5/28
123074241,5,C794,2023/12/11
123076177,5,C391,2023/11/1
123073999,3,C405,2023/1/22
123074732,2,C872,2023/8/14
123073372,1,C1663,2023/12/15
123072220,1,C1537,2023/11/14
123072254,4,C334,2023/2/17
123072256,2,C565,2023/5/10
123076362,4,C55,2023/4/19
123072259,2,C693,2023/12/16
123072262,1,C1485,2023/7/8
123074277,3,C813,2023/2/8
123072408,2,C422,2023/1/26
123073424,1,C964,2023/5/14
123074298,1,C106,2023/9/3
123073431,4,C1252,2023/6/17
123074323,1,C251,2023/8/5
123072906,2,C1651,2023/2/9
123073451,4,C1562,2023/9/4
123074386,2,C1374,2023/8/5
123072435,2,C1367,2023/9/10
123074416,1,C173,2023/12/27
123071732,1,C445,2023/12/5
123074830,1,C329,2023/10/28
123074423,3,C824,2023/1/24
123072952,5,C1473,2023/8/13
123074440,5,C11,2023/8/4
123071556,4,C1547,2023/7/12
123072453,3,C539,2023/9/6
123073557,1,C472,2023/12/21
123073047,1,C145,2023/11/7
123073056,1,C140,2023/9/6
123073576,1,C1735,2023/7/8
123074886,5,C832,2023/1/6
123073621,5,C324,2023/1/8
123073121,5,C1423,2023/6/5
123080101,5,C632,2023/9/6
123079730,1,C1688,2023/12/3
123079037,1,C352,2023/6/9
123080194,1,C151,2023/3/22
123079071,4,C112,2023/5/8
123076863,5,C211,2023/12/13
123076929,2,C1220,2023/1/27
123080286,1,C1737,2023/2/24
123080292,5,C184,2023/5/28
123076477,2,C1275,2023/10/6
123077962,2,C690,2023/10/23
123077969,2,C1577,2023/6/6
123076993,5,C1655,2023/9/5
123079099,2,C1323,2023/1/24
123080442,1,C495,2023/10/25
123080462,5,C622,2023/11/23
123080484,4,C727,2023/1/17
123077038,5,C922,2023/9/11
123080528,3,C381,2023/7/7
123080535,4,C1405,2023/1/16
123080579,4,C417,2023/2/6
123077074,1,C21,2023/12/5
123079783,5,C873,2023/10/17
123077116,1,C1346,2023/6/27
123077132,3,C794,2023/8/9
123076513,1,C1748,2023/12/26
123077140,3,C1297,2023/7/16
123078055,2,C328,2023/12/26
123080630,2,C136,2023/3/23
123078601,2,C178,2023/10/1
123077211,5,C359,2023/10/1
123078604,4,C1034,2023/1/3
123077233,2,C231,2023/11/18
123080913,1,C1009,2023/12/10
123079184,5,C437,2023/4/5
123077296,1,C928,2023/9/25
123078092,3,C1636,2023/11/15
123080967,1,C370,2023/9/20
123080986,4,C1192,2023/12/4
123078134,5,C1351,2023/11/11
123079833,4,C1533,2023/3/5
123079841,1,C1741,2023/2/14
123081030,3,C552,2023/12/27
123077458,5,C1498,2023/12/1
123077465,3,C1723,2023/9/3
123081111,5,C1099,2023/6/6
123078676,3,C1392,2023/10/22
123077485,1,C1054,2023/12/16
123079235,1,C673,2023/6/21
123081203,1,C1087,2023/11/4
123081229,1,C1326,2023/1/21
123077564,3,C1640,2023/2/4
123077577,2,C19,2023/10/25
123079253,3,C1059,2023/11/4
123079263,2,C147,2023/10/5
123079270,5,C555,2023/12/12
123079486,3,C626,2023/11/17
123079508,5,C337,2023/7/11
123081396,3,C1190,2023/3/16
123079292,1,C460,2023/9/15
123077676,1,C331,2023/1/18
123079309,2,C159,2023/4/5
123078193,4,C1425,2023/5/10
123078200,4,C1246,2023/1/19
123077685,1,C279,2023/2/18
123078238,2,C1275,2023/11/24
123078240,1,C382,2023/4/11
123077741,1,C58,2023/8/18
123081658,4,C522,2023/5/20
123081667,3,C1592,2023/4/26
123078258,2,C635,2023/8/21
123077771,3,C813,2023/8/18
123077810,2,C1727,2023/11/24
123078309,3,C1340,2023/4/12
123078340,2,C1639,2023/12/7
123079603,2,C1460,2023/12/8
123078813,4,C1341,2023/2/7
123076672,4,C727,2023/6/10
123078390,3,C872,2023/12/20
123078397,2,C570,2023/6/17
123078823,1,C666,2023/12/28
123079954,1,C1181,2023/3/24
123078429,5,C30,2023/1/28
123079634,1,C1,2023/2/13
123079641,1,C1599,2023/12/16
123078457,1,C607,2023/11/24
123078889,1,C1310,2023/4/7
123079683,3,C277,2023/12/5
123078930,1,C1236,2023/6/22
123079688,1,C1428,2023/9/23
123078939,2,C196,2023/3/27
123078950,4,C1615,2023/12/16
123078956,1,C1393,2023/10/14
123078505,5,C712,2023/3/18
123078976,4,C1313,2023/1/26
123082260,2,C38,2023/12/24
123083323,1,C1741,2023/9/11
123084526,3,C1684,2023/11/26
123082335,2,C1531,2023/8/9
123083332,1,C1431,2023/10/23
123085847,1,C224,2023/1/9
123082344,1,C1189,2023/6/14
123084558,3,C1239,2023/12/4
123085446,4,C1343,2023/8/8
123081805,1,C885,2023/1/8
123081810,1,C768,2023/9/11
123085748,2,C426,2023/9/11
123082395,4,C550,2023/1/1
123085055,5,C645,2023/6/21
123082430,5,C1188,2023/12/26
123082440,3,C1079,2023/9/28
123086070,5,C222,2023/12/20
123082459,1,C599,2023/5/1
123082522,1,C1436,2023/2/21
123085072,3,C1521,2023/1/22
123082535,1,C442,2023/9/26
123084649,1,C1041,2023/11/6
123086302,1,C498,2023/5/22
123082546,1,C98,2023/4/14
123086322,5,C1217,2023/6/9
123083418,1,C782,2023/10/5
123086395,2,C619,2023/10/9
123082595,2,C73,2023/6/17
123083451,4,C1377,2023/8/20
123083471,1,C1260,2023/11/20
123082677,1,C711,2023/1/23
123086553,1,C297,2023/5/27
123084775,1,C530,2023/11/9
123084781,2,C166,2023/2/20
123085513,4,C649,2023/7/26
123082722,4,C1110,2023/6/10
123083478,2,C1468,2023/1/26
123086731,2,C1193,2023/9/15
123083493,1,C1611,2023/8/21
123086772,3,C1684,2023/11/28
123086773,4,C1634,2023/8/25
123086783,5,C448,2023/2/14
123084828,5,C156,2023/7/12
123086836,2,C386,2023/7/20
123084838,4,C790,2023/3/12
123086866,4,C996,2023/10/14
123083519,4,C1280,2023/12/14
123084001,2,C1744,2023/8/12
123086897,4,C1722,2023/2/23
123086905,1,C210,2023/9/28
123084881,4,C534,2023/3/20
123087078,4,C777,2023/1/8
123082895,4,C945,2023/10/3
123087101,4,C641,2023/7/28
123081970,1,C490,2023/6/8
123087138,4,C1161,2023/8/7
123087223,4,C1571,2023/2/23
123087231,4,C1638,2023/5/20
123081981,4,C1443,2023/9/14
123083011,3,C871,2023/10/17
123083013,4,C601,2023/12/26
123087408,5,C1733,2023/10/16
123083579,2,C1248,2023/6/28
123084948,5,C1473,2023/11/9
123084958,4,C1577,2023/6/8
123087461,4,C1154,2023/8/19
123087471,4,C842,2023/11/26
123085727,3,C850,2023/9/15
123083044,4,C91,2023/11/15
123083059,3,C924,2023/6/26
123083079,2,C554,2023/6/1
123084962,4,C1678,2023/11/17
123085223,2,C461,2023/11/6
123084147,4,C1341,2023/4/15
123084974,1,C755,2023/7/12
123084980,3,C729,2023/7/9
123087648,2,C1601,2023/12/3
123085014,4,C1194,2023/10/5
123083181,4,C508,2023/1/19
123087701,1,C1688,2023/10/22
123084300,3,C1278,2023/4/8
123085285,3,C1149,2023/10/1
123085656,1,C677,2023/5/16
123083774,4,C77,2023/12/25
123084400,5,C1428,2023/7/12
123082156,4,C336,2023/4/8
123083307,1,C1554,2023/8/23
123082208,1,C946,2023/6/6
123084507,4,C988,2023/9/22
123085724,4,C1551,2023/9/3
123082226,4,C725,2023/12/6
123091284,4,C890,2023/9/19
123090093,4,C1448,2023/8/5
123088262,4,C974,2023/8/12
123090760,5,C1546,2023/4/4
123092355,1,C1596,2023/1/22
123092357,4,C1718,2023/7/21
123092373,4,C120,2023/9/26
123092458,1,C798,2023/4/9
123092462,4,C158,2023/12/17
123091738,4,C640,2023/11/18
123090151,4,C1376,2023/7/6
123087732,2,C732,2023/12/7
123088347,4,C648,2023/3/13
123090856,4,C1471,2023/8/26
123090863,4,C852,2023/11/5
123090903,4,C577,2023/9/11
123088399,1,C1430,2023/9/22
123089474,1,C463,2023/4/19
123092724,5,C377,2023/9/18
123092738,5,C1033,2023/9/3
123088449,5,C1397,2023/9/6
123090920,4,C1368,2023/6/14
123092802,5,C1296,2023/6/23
123088517,5,C999,2023/6/24
123092863,4,C1694,2023/9/26
123088578,4,C426,2023/7/6
123087814,4,C122,2023/2/6
123090967,2,C1288,2023/4/19
123092936,5,C702,2023/2/17
123088636,5,C446,2023/7/3
123091808,5,C38,2023/8/17
123093038,5,C342,2023/6/9
123088728,2,C913,2023/8/7
123088738,4,C521,2023/12/13
123091027,4,C1706,2023/6/5
123093128,5,C1491,2023/11/6
123093134,5,C818,2023/12/3
123093137,1,C37,2023/3/24
123090285,4,C1000,2023/4/6
123091082,1,C288,2023/6/12
123093199,2,C343,2023/1/16
123088850,5,C176,2023/6/8
123093338,5,C756,2023/12/5
123088883,4,C802,2023/7/12
123088895,2,C959,2023/1/10
123093359,3,C1108,2023/4/16
123090338,4,C1486,2023/11/9
123093392,1,C56,2023/1/28
123093407,1,C1646,2023/7/4
123091143,3,C1023,2023/10/6
123093580,2,C1612,2023/9/13
123088994,3,C455,2023/10/16
123090347,2,C1472,2023/10/2
123089009,4,C676,2023/1/13
123090368,4,C193,2023/11/19
123093671,2,C266,2023/7/25
123089025,4,C1621,2023/6/28
123091186,1,C1712,2023/10/14
123089282,5,C972,2023/10/11
123093790,1,C524,2023/12/8
123089106,4,C68,2023/11/2
123090388,2,C1604,2023/8/23
123093851,4,C293,2023/8/3
123089130,1,C1391,2023/6/20
123091246,4,C1568,2023/11/15
123089148,4,C1185,2023/3/8
123091263,3,C35,2023/3/8
123093961,1,C750,2023/6/9
123091884,5,C1160,2023/12/17
123087929,4,C440,2023/8/21
123089802,4,C1081,2023/10/11
123089810,5,C538,2023/8/16
123091572,4,C594,2023/10/22
123090474,4,C823,2023/1/17
123089320,4,C298,2023/11/2
123089323,5,C746,2023/2/21
123091613,4,C153,2023/4/2
123089338,4,C1263,2023/4/7
123088151,5,C1566,2023/10/12
123089908,4,C1414,2023/4/25
123088036,4,C852,2023/6/21
123089950,4,C1602,2023/9/19
123088061,3,C473,2023/8/20
123088158,4,C862,2023/6/12
123089369,4,C942,2023/12/17
123089968,4,C96,2023/10/9
123091689,4,C1720,2023/3/14
123089379,5,C1732,2023/8/20
123088140,1,C1121,2023/3/16
123090699,1,C1335,2023/5/2
123095771,4,C676,2023/7/5
123096204,5,C1099,2023/1/24
123096285,4,C1270,2023/2/6
123094981,4,C1606,2023/7/8
123096322,3,C864,2023/10/25
123094541,2,C1015,2023/9/8
123096536,4,C412,2023/2/11
123096629,1,C634,2023/12/11
123094581,1,C294,2023/7/17
123096867,3,C218,2023/6/11
123096907,4,C1314,2023/7/23
123094619,1,C772,2023/5/3
123096976,4,C1458,2023/4/2
123095444,4,C774,2023/11/2
123094653,4,C1231,2023/5/10
123097066,3,C689,2023/6/3
123095061,4,C1456,2023/1/12
123095454,4,C854,2023/7/17
123095478,1,C1627,2023/7/10
123095136,3,C1699,2023/3/18
123094103,4,C1629,2023/12/12
123095502,5,C1379,2023/6/15
123097374,4,C101,2023/9/6
123094697,1,C411,2023/8/19
123097444,2,C903,2023/6/23
123095189,3,C1095,2023/5/4
123097512,3,C78,2023/5/11
123094116,1,C1001,2023/7/13
123094799,4,C1567,2023/1/18
123094849,4,C1564,2023/12/4
123094272,1,C229,2023/11/1
123095669,5,C338,2023/5/16
123094894,3,C966,2023/11/8
123095725,4,C1483,2023/2/15
123098927,1,C23,2023/4/7
123098099,1,C109,2023/9/27
123098804,4,C371,2023/7/5
123000287,4,C394,2023/2/17
123098951,1,C1561,2023/10/3
123000299,5,C207,2023/1/6
123001633,2,C231,2023/4/21
123000315,4,C1459,2023/3/1
123098152,4,C1256,2023/1/13
123098157,5,C690,2023/6/7
123099751,2,C152,2023/3/7
123000349,1,C593,2023/1/24
123000794,2,C1091,2023/9/5
123001789,3,C1515,2023/9/2
123099023,4,C1259,2023/5/4
123001217,5,C256,2023/11/7
123000805,4,C1169,2023/1/20
123001822,1,C1146,2023/5/7
123000372,5,C13,2023/7/24
123001849,2,C771,2023/10/18
123000396,5,C306,2023/6/20
123000408,1,C1335,2023/4/23
123000829,2,C1519,2023/10/23
123099084,3,C1145,2023/5/1
123098353,3,C425,2023/12/25
123000441,2,C1087,2023/8/20
123097696,4,C865,2023/3/21
123098815,1,C1234,2023/12/10
123001252,1,C1566,2023/11/12
123098441,2,C1598,2023/5/13
123000537,1,C491,2023/3/23
123098493,4,C1602,2023/12/27
123002551,4,C197,2023/5/14
123099867,1,C188,2023/11/20
123002589,1,C1528,2023/4/9
123099214,4,C1068,2023/12/3
123098530,1,C750,2023/6/26
123002754,5,C123,2023/9/5
123002759,3,C1658,2023/7/23
123099911,5,C1112,2023/7/5
123098630,4,C918,2023/6/11
123000603,4,C997,2023/12/9
123002971,3,C432,2023/8/20
123001316,2,C944,2023/12/6
123099978,3,C907,2023/3/20
123000656,5,C265,2023/12/24
123000669,1,C525,2023/11/13
123099687,3,C785,2023/4/2
123098728,1,C253,2023/12/25
123001341,4,C124,2023/2/15
123099299,4,C843,2023/10/25
123000992,4,C1405,2023/9/24
123097831,2,C81,2023/3/20
123098859,4,C688,2023/6/4
123001003,4,C138,2023/5/24
123000064,4,C766,2023/9/17
123099469,1,C372,2023/6/4
123000121,4,C1549,2023/12/25
123098077,4,C28,2023/2/10
123000193,4,C58,2023/1/10
123000203,4,C575,2023/12/11
123001427,4,C1503,2023/11/10
123000229,2,C265,2023/4/3
123001131,1,C1204,2023/7/1
123001139,2,C1006,2023/5/24
123001178,4,C73,2023/6/6
123098915,1,C1724,2023/4/7
123005964,2,C1035,2023/1/3
123003584,3,C814,2023/5/7
123006928,2,C1593,2023/11/8
123006932,1,C151,2023/7/17
123005552,1,C173,2023/9/2
123006945,1,C1100,2023/8/20
123007022,2,C437,2023/12/1
123003638,2,C411,2023/7/24
123005969,3,C1426,2023/2/17
123006876,2,C600,2023/3/21
123005591,3,C319,2023/5/11
123007135,4,C1457,2023/5/6
123003656,4,C345,2023/10/2
123004408,4,C516,2023/4/25
123007230,4,C349,2023/10/5
123005605,1,C825,2023/12/12
123005991,2,C1150,2023/5/28
123003709,1,C642,2023/11/11
123007369,3,C409,2023/3/26
123005115,5,C1309,2023/3/23
123006879,4,C1004,2023/2/16
123005612,4,C1037,2023/1/14
123005139,3,C104,2023/4/19
123004679,4,C1000,2023/11/20
123007740,5,C799,2023/12/8
123004448,3,C1408,2023/8/3
123004710,5,C442,2023/6/6
123007800,1,C1362,2023/10/4
123005695,4,C820,2023/1/10
123003981,1,C655,2023/10/22
123003990,1,C525,2023/6/16
123005719,5,C1289,2023/12/12
123006578,4,C292,2023/8/28
123005731,1,C1075,2023/12/5
123007938,4,C963,2023/12/15
123003308,5,C1179,2023/7/22
123008068,2,C1114,2023/5/11
123004047,1,C496,2023/4/20
123004763,4,C259,2023/6/16
123004073,4,C454,2023/11/5
123003344,5,C1379,2023/11/16
123004126,4,C1696,2023/7/26
123008193,1,C833,2023/8/25
123003347,1,C1707,2023/11/27
123008213,4,C1258,2023/12/21
123004137,1,C1461,2023/3/3
123006110,4,C643,2023/10/5
123004179,1,C731,2023/10/2
123008301,2,C600,2023/8/25
123005797,2,C757,2023/7/22
123006121,4,C720,2023/12/21
123004228,4,C1249,2023/12/3
123004769,4,C1486,2023/6/24
123008435,4,C169,2023/4/1
123008481,4,C670,2023/9/2
123008539,1,C366,2023/11/27
123004797,3,C713,2023/1/9
123005831,4,C870,2023/3/2
123008567,4,C868,2023/4/19
123005845,4,C546,2023/1/28
123005880,4,C1153,2023/4/9
123004344,4,C1161,2023/12/5
123003398,1,C1592,2023/3/18
123005254,2,C586,2023/5/20
123004819,4,C512,2023/12/10
123008721,1,C1227,2023/12/3
123006697,1,C1254,2023/2/15
123005268,3,C608,2023/4/6
123004895,4,C1283,2023/2/15
123003436,1,C411,2023/11/22
123003470,1,C393,2023/8/2
123006306,4,C1716,2023/8/26
123004918,4,C429,2023/6/12
123006315,4,C1324,2023/12/12
123003490,1,C890,2023/7/12
123006335,4,C292,2023/8/1
123004972,4,C480,2023/2/18
123005421,4,C1169,2023/1/2
123005027,2,C380,2023/4/6
123006372,2,C543,2023/1/9
123003566,4,C607,2023/6/9
123005473,2,C719,2023/12/18
123005475,4,C1691,2023/12/4
123005500,2,C588,2023/1/1
123006429,2,C1011,2023/10/2
123005534,3,C1290,2023/6/17
123003562,4,C630,2023/7/15
123005538,2,C627,2023/1/6
123005080,1,C1146,2023/12/18
123005548,4,C803,2023/6/14
123010177,4,C177,2023/9/3
123012493,2,C1289,2023/7/17
123010811,4,C1207,2023/12/11
123011336,1,C1181,2023/9/17
123010816,5,C1208,2023/8/21
123012630,2,C861,2023/6/15
123012145,4,C1379,2023/8/20
123012725,5,C1404,2023/11/2
123011775,4,C769,2023/10/6
123011778,4,C1610,2023/8/21
123011368,2,C697,2023/11/28
123008838,4,C860,2023/10/20
123010241,2,C231,2023/3/19
123011418,4,C2,2023/1/20
123012833,2,C717,2023/8/27
123011423,4,C534,2023/10/20
123009564,4,C1389,2023/7/24
123010260,1,C755,2023/10/7
123010927,4,C1514,2023/6/11
123009644,2,C991,2023/2/17
123011489,4,C158,2023/12/26
123011493,4,C1201,2023/9/1
123008904,1,C1611,2023/1/24
123011511,3,C801,2023/11/28
123013222,5,C814,2023/10/28
123013244,4,C637,2023/5/23
123009763,5,C1596,2023/12/13
123009764,3,C463,2023/5/17
123013397,3,C847,2023/12/10
123011549,4,C527,2023/1/21
123010384,4,C1076,2023/2/14
123011580,4,C749,2023/8/10
123008927,4,C407,2023/6/4
123010427,2,C380,2023/9/24
123010109,2,C540,2023/6/9
123013513,1,C933,2023/12/6
123010984,4,C1169,2023/7/23
123009859,3,C362,2023/10/7
123010115,2,C1012,2023/11/4
123013562,4,C1111,2023/9/27
123011595,4,C1573,2023/3/17
123011604,1,C1714,2023/9/1
123009914,1,C525,2023/1/15
123013696,1,C925,2023/6/15
123009929,3,C1105,2023/8/7
123013717,4,C1536,2023/2/10
123011012,3,C1442,2023/7/18
123013734,4,C940,2023/9/15
123011034,2,C612,2023/9/28
123013763,1,C203,2023/11/10
123013769,3,C713,2023/1/10
123012240,2,C404,2023/12/22
123011058,4,C752,2023/4/13
123012244,4,C606,2023/11/23
123009989,1,C187,2023/10/21
123012249,2,C239,2023/4/12
123011902,4,C1136,2023/6/15
123013782,5,C922,2023/7/1
123013810,4,C758,2023/11/9
123013835,4,C401,2023/1/15
123013846,1,C909,2023/6/28
123010508,4,C1153,2023/7/21
123010527,3,C27,2023/10/28
123013919,2,C861,2023/5/22
123013944,1,C1012,2023/1/12
123011086,4,C1608,2023/7/16
123010534,4,C1205,2023/11/17
123012302,4,C49,2023/8/28
123011110,3,C1190,2023/9/24
123010556,1,C21,2023/12/6
123011154,4,C1678,2023/6/18
123011935,4,C955,2023/3/11
123011166,4,C1484,2023/8/14
123009079,4,C1076,2023/6/25
123010649,4,C498,2023/10/5
123011210,2,C1398,2023/11/17
123011996,2,C126,2023/12/12
123009119,2,C1462,2023/12/5
123009147,4,C562,2023/1/15
123012066,4,C345,2023/6/2
123011237,5,C1415,2023/4/8
123012067,4,C1560,2023/11/22
123012073,2,C1661,2023/12/25
123012359,4,C318,2023/11/6
123009216,4,C1536,2023/7/21
123012369,4,C1279,2023/7/1
123011283,4,C1382,2023/12/12
123014575,1,C1181,2023/6/8
123014576,2,C1427,2023/9/20
123016180,2,C1302,2023/9/19
123016924,4,C889,2023/2/5
123014609,5,C1305,2023/7/22
123014617,4,C1458,2023/6/22
123016932,4,C1407,2023/7/8
123018310,1,C525,2023/12/5
123018376,3,C501,2023/12/10
123017851,4,C1573,2023/11/1
123018397,4,C63,2023/12/11
123016956,2,C1215,2023/1/11
123018454,4,C776,2023/7/18
123016996,4,C1407,2023/11/21
123014106,4,C423,2023/8/20
123017050,4,C1686,2023/8/5
123018696,1,C642,2023/9/23
123018739,4,C401,2023/12/9
123014850,2,C1100,2023/9/1
123014142,4,C1086,2023/8/19
123018770,1,C341,2023/11/15
123018787,4,C199,2023/10/16
123017081,1,C1702,2023/2/2
123018845,4,C1205,2023/12/7
123014878,4,C1300,2023/11/2
123017882,4,C1200,2023/4/14
123014951,4,C859,2023/8/4
123018909,2,C105,2023/11/2
123018932,4,C1279,2023/10/10
123016284,4,C1101,2023/5/7
123017420,1,C279,2023/1/25
123017101,1,C1306,2023/12/9
123015044,1,C4,2023/6/3
123015077,1,C671,2023/9/4
123019065,4,C770,2023/12/26
123017907,2,C1385,2023/3/21
123019176,2,C1058,2023/8/17
123016380,4,C1371,2023/1/23
123016385,4,C883,2023/7/24
123017934,3,C890,2023/5/11
123015745,1,C1130,2023/12/18
123019300,4,C705,2023/1/7
123019315,2,C147,2023/9/19
123017149,5,C751,2023/5/18
123017938,1,C1334,2023/11/14
123016419,4,C280,2023/6/25
123015250,1,C1372,2023/8/16
123017206,3,C1173,2023/3/25
123015809,4,C1213,2023/5/5
123019571,3,C1173,2023/10/15
123015379,5,C69,2023/5/11
123019637,4,C1279,2023/12/11
123019641,1,C1708,2023/2/5
123019669,4,C518,2023/7/1
123017276,3,C121,2023/12/13
123015855,3,C1747,2023/2/9
123019779,2,C1195,2023/9/17
123015455,4,C10,2023/8/3
123019868,1,C994,2023/3/2
123016583,4,C1614,2023/11/28
123017617,1,C1144,2023/1/3
123014326,4,C1266,2023/2/20
123018015,4,C793,2023/3/26
123016638,4,C1267,2023/8/9
123015951,2,C533,2023/1/23
123016719,2,C1482,2023/10/19
123014374,3,C1699,2023/7/4
123016038,2,C1325,2023/12/24
123014044,4,C1409,2023/7/12
123016049,4,C118,2023/10/22
123017696,4,C1418,2023/4/24
123014387,2,C909,2023/11/12
123016813,4,C1419,2023/10/14
123016111,4,C418,2023/12/20
123016825,5,C322,2023/5/11
123017736,4,C1498,2023/2/18
123016908,4,C587,2023/3/2
123014496,2,C392,2023/12/4
123016139,3,C743,2023/6/3
123016912,4,C758,2023/5/11
123016919,2,C1639,2023/4/3
123023763,1,C664,2023/11/5
123021610,2,C1370,2023/3/2
123024242,4,C853,2023/11/25
123022913,4,C1249,2023/1/28
123020629,2,C690,2023/9/20
123021631,4,C1520,2023/9/10
123022922,1,C235,2023/12/19
123022927,2,C1396,2023/8/13
123020682,3,C1375,2023/7/22
123022944,1,C1327,2023/7/6
123022959,1,C779,2023/11/5
123024416,4,C726,2023/8/1
123024441,5,C543,2023/6/27
123024488,2,C1619,2023/4/23
123024533,2,C1112,2023/12/13
123024542,1,C419,2023/7/1
123020804,4,C727,2023/12/27
123022980,4,C224,2023/3/11
123020809,2,C1442,2023/6/14
123020811,1,C496,2023/9/6
123024619,2,C1203,2023/9/27
123022982,4,C285,2023/12/12
123022996,2,C937,2023/8/20
123023345,4,C1264,2023/11/4
123024710,4,C230,2023/1/19
123024711,4,C1209,2023/1/6
123024713,5,C1618,2023/6/28
123022267,4,C1583,2023/8/4
123020950,4,C1359,2023/12/23
123020960,3,C1321,2023/3/13
123023047,4,C330,2023/2/2
123024800,3,C1699,2023/3/4
123024808,2,C847,2023/7/12
123024816,3,C1637,2023/5/17
123022281,2,C965,2023/11/20
123024842,4,C1417,2023/10/26
123024852,4,C1560,2023/6/24
123021008,2,C242,2023/12/6
123021018,1,C1737,2023/11/16
123023812,5,C211,2023/8/25
123024936,4,C879,2023/11/7
123024947,1,C262,2023/11/4
123023056,4,C250,2023/11/16
123022310,4,C1209,2023/12/5
123021055,2,C411,2023/1/23
123021467,5,C391,2023/8/27
123025045,1,C614,2023/9/18
123025121,1,C348,2023/4/21
123023104,4,C464,2023/8/18
123021773,5,C176,2023/12/25
123023425,2,C1046,2023/9/16
123025184,4,C1133,2023/2/17
123022400,2,C1157,2023/4/15
123021134,4,C854,2023/9/1
123023832,2,C246,2023/4/8
123023834,4,C797,2023/7/18
123025314,4,C50,2023/6/2
123025345,2,C620,2023/4/27
123025430,4,C1734,2023/5/13
123023145,4,C1201,2023/2/16
123023162,4,C1529,2023/8/3
123025524,4,C1232,2023/4/6
123025578,4,C1682,2023/1/9
123021241,4,C956,2023/1/9
123025582,1,C133,2023/9/10
123021798,1,C1670,2023/1/12
123025633,1,C361,2023/7/18
123021504,1,C1345,2023/9/11
123023198,1,C1663,2023/10/6
123025675,4,C604,2023/7/2
123023213,4,C758,2023/11/7
123025744,1,C382,2023/12/23
123021833,4,C723,2023/1/3
123023915,1,C846,2023/3/19
123022632,4,C891,2023/11/7
123020224,4,C260,2023/12/5
123020230,3,C1552,2023/1/7
123023918,4,C668,2023/11/26
123023545,4,C585,2023/1/11
123023560,2,C210,2023/5/16
123023582,4,C509,2023/1/6
123022714,3,C1723,2023/6/7
123022718,4,C459,2023/12/24
123020265,2,C1709,2023/1/9
123023983,1,C1229,2023/4/3
123020484,3,C207,2023/5/12
123022789,2,C771,2023/7/11
123020350,4,C402,2023/9/18
123022061,2,C1358,2023/7/6
123023673,2,C588,2023/3/5
123020418,1,C1349,2023/2/17
123024045,2,C1746,2023/10/24
123019884,4,C1371,2023/2/18
123022111,1,C809,2023/1/27
123024075,4,C91,2023/6/3
123026254,3,C1176,2023/11/26
123029745,4,C1244,2023/4/2
123026284,4,C24,2023/11/25
123029755,2,C75,2023/6/13
123026311,2,C255,2023/2/18
123030352,2,C8,2023/8/27
123026324,1,C731,2023/4/7
123029812,3,C201,2023/6/27
123026367,5,C1690,2023/9/2
123026407,3,C785,2023/11/5
123026429,4,C369,2023/9/18
123027283,4,C356,2023/5/8
123030530,1,C1469,2023/5/6
123026458,5,C1313,2023/8/27
123028722,2,C1355,2023/8/7
123026489,2,C488,2023/1/11
123028106,5,C299,2023/5/2
123030738,4,C134,2023/6/9
123028146,4,C609,2023/7/28
123028153,4,C417,2023/7/1
123030845,4,C459,2023/11/27
123028170,2,C971,2023/5/4
123030857,4,C316,2023/7/6
123026645,4,C1436,2023/11/4
123028808,3,C950,2023/10/25
123029887,4,C216,2023/5/6
123028211,1,C1478,2023/2/6
123030999,4,C1636,2023/4/17
123028218,3,C813,2023/6/15
123026855,4,C1098,2023/4/8
123031062,1,C1470,2023/11/8
123031066,1,C148,2023/9/16
123029274,4,C564,2023/7/8
123031153,5,C263,2023/5/27
123028894,4,C1562,2023/4/18
123031194,4,C1049,2023/4/20
123031235,5,C1102,2023/6/28
123031272,2,C560,2023/1/10
123031308,4,C623,2023/4/25
123027323,3,C1422,2023/11/1
123025884,2,C1544,2023/1/26
123031362,4,C460,2023/3/9
123031364,4,C79,2023/9/12
123031415,5,C1031,2023/4/14
123031438,5,C1237,2023/6/4
123028265,4,C1443,2023/6/2
123032000,4,C108,2023/12/13
123029025,2,C380,2023/5/7
123031518,4,C92,2023/12/15
123029041,4,C1363,2023/10/23
123031607,2,C1375,2023/4/15
123025892,4,C531,2023/12/20
123031615,4,C1540,2023/11/14
123029951,3,C1505,2023/7/25
123027102,5,C222,2023/11/24
123031678,4,C520,2023/11/3
123029068,2,C1507,2023/12/5
123027662,2,C680,2023/6/3
123029373,4,C997,2023/4/11
123029106,4,C1205,2023/10/27
123029108,5,C542,2023/10/8
123028488,2,C1271,2023/1/21
123027247,4,C32,2023/9/25
123031968,5,C257,2023/9/10
123028502,1,C759,2023/6/6
123029396,4,C1615,2023/9/17
123029407,3,C1163,2023/9/8
123029416,4,C1340,2023/12/11
123028508,4,C1517,2023/4/4
123029429,4,C1490,2023/5/3
123029993,4,C1369,2023/5/23
123027744,4,C420,2023/1/11
123030021,4,C1082,2023/1/4
123030043,3,C362,2023/7/21
123027386,4,C127,2023/12/27
123030095,4,C1471,2023/8/15
123027806,2,C422,2023/10/6
123028563,5,C350,2023/12/17
123026040,5,C1278,2023/1/11
123029545,4,C282,2023/6/21
123027882,2,C913,2023/12/11
123026070,2,C1744,2023/5/14
123030139,3,C393,2023/3/16
123030145,4,C1252,2023/10/11
123030179,2,C178,2023/10/6
123030189,1,C741,2023/11/11
123027449,4,C548,2023/6/9
123029683,4,C1339,2023/7/20
123029690,3,C650,2023/9/5
123027965,2,C635,2023/12/6
123026232,4,C509,2023/7/8
123027456,4,C1128,2023/4/7
123034381,3,C655,2023/11/14
123034408,4,C1041,2023/4/7
123033032,2,C1043,2023/8/14
123033610,5,C206,2023/4/16
123033048,1,C567,2023/4/19
123034559,2,C844,2023/3/26
123032531,3,C1330,2023/9/7
123035727,2,C878,2023/7/26
123034679,4,C20,2023/10/22
123034714,4,C1324,2023/5/10
123034766,3,C201,2023/2/3
123032556,4,C1314,2023/5/11
123033117,4,C1743,2023/4/15
123032094,2,C255,2023/4/28
123034099,2,C317,2023/12/20
123033698,3,C877,2023/9/20
123033183,4,C224,2023/9/23
123033187,4,C25,2023/6/18
123034304,4,C1133,2023/3/6
123032638,4,C1062,2023/9/24
123035365,1,C976,2023/7/5
123033761,4,C636,2023/12/18
123033252,3,C1463,2023/6/21
123033300,4,C1115,2023/10/17
123033798,1,C144,2023/3/16
123032182,4,C523,2023/7/7
123033357,4,C860,2023/6/9
123033385,1,C1298,2023/6/9
123033418,2,C633,2023/12/26
123034161,5,C683,2023/2/28
123033894,2,C489,2023/11/12
123032265,2,C437,2023/11/12
123034215,4,C305,2023/7/3
123032934,1,C1530,2023/1/17
123037678,1,C62,2023/8/1
123039458,4,C1582,2023/9/27
123039474,4,C1279,2023/6/15
123039517,2,C239,2023/9/8
123036304,2,C1097,2023/3/4
123039978,1,C592,2023/7/24
123039980,4,C1119,2023/1/12
123035739,4,C1437,2023/1/3
123036404,3,C425,2023/2/14
123040075,4,C1028,2023/2/21
123038542,4,C86,2023/11/21
123037221,2,C123,2023/1/3
123035780,5,C1330,2023/10/14
123039828,2,C533,2023/11/16
123040266,2,C363,2023/5/18
123037253,4,C953,2023/8/17
123036507,4,C1155,2023/10/3
123035783,4,C1584,2023/11/25
123038973,4,C915,2023/12/15
123038568,1,C294,2023/12/23
123037831,2,C1142,2023/6/14
123035785,4,C823,2023/11/12
123040401,4,C376,2023/12/16
123039003,4,C808,2023/8/21
123037116,4,C1223,2023/12/16
123040518,2,C422,2023/11/17
123036670,2,C1242,2023/3/12
123038675,4,C1098,2023/12/11
123040598,2,C1235,2023/1/3
123039015,4,C1159,2023/11/9
123038686,5,C329,2023/12/1
123037870,3,C1527,2023/2/11
123037356,1,C925,2023/9/20
123037885,4,C1183,2023/2/15
123035842,2,C1752,2023/5/10
123039622,3,C850,2023/11/2
123040737,3,C1527,2023/10/17
123040766,3,C515,2023/6/9
123039050,4,C470,2023/2/6
123037978,2,C1501,2023/6/4
123040895,2,C1660,2023/7/26
123040933,4,C967,2023/8/11
123041007,4,C1441,2023/12/21
123038038,4,C1448,2023/4/23
123036976,2,C541,2023/10/7
123041113,1,C998,2023/11/8
123037403,1,C673,2023/11/25
123038799,4,C720,2023/4/12
123038816,4,C1158,2023/9/6
123038826,4,C365,2023/4/14
123039694,4,C710,2023/6/18
123038842,3,C1505,2023/10/28
123037450,1,C1181,2023/3/25
123041396,2,C1001,2023/1/20
123038137,4,C398,2023/8/24
123041428,4,C1523,2023/4/23
123035961,3,C9,2023/7/9
123038909,2,C1427,2023/10/17
123037492,4,C1280,2023/12/1
123035982,4,C887,2023/7/15
123039188,4,C721,2023/7/27
123039238,4,C527,2023/12/2
123036055,4,C1613,2023/11/23
123038222,2,C235,2023/12/3
123038229,4,C1213,2023/1/26
123036110,4,C1244,2023/10/15
123039766,4,C289,2023/1/5
123039307,2,C1462,2023/2/19
123037601,1,C1051,2023/8/17
123039337,3,C1475,2023/12/4
123036157,1,C1064,2023/9/19
123037633,5,C738,2023/7/12
123038418,2,C869,2023/12/27
123038431,1,C572,2023/8/7
123038450,5,C899,2023/1/3
123039438,2,C265,2023/3/11
123037152,3,C657,2023/6/21
123039441,4,C1443,2023/12/20
123042973,2,C1063,2023/2/16
123041511,1,C647,2023/11/20
123045518,2,C941,2023/6/7
123044737,1,C1156,2023/12/3
123043012,2,C1498,2023/2/11
123045602,1,C1281,2023/7/23
123044757,2,C695,2023/10/6
123044294,2,C137,2023/1/24
123045897,3,C716,2023/4/18
123044334,2,C191,2023/1/16
123045952,5,C536,2023/12/9
123042099,2,C499,2023/9/14
123042176,3,C945,2023/7/13
123046214,2,C1396,2023/10/21
123044450,1,C145,2023/9/26
123044455,4,C205,2023/1/9
123046246,1,C1092,2023/1/6
123046289,3,C432,2023/11/12
123043725,1,C981,2023/1/20
123043154,3,C1239,2023/1/27
123042294,3,C467,2023/6/15
123046401,5,C486,2023/6/6
123046409,2,C533,2023/12/14
123045289,4,C1000,2023/9/19
123043737,5,C392,2023/7/2
123044836,1,C1480,2023/12/27
123042344,2,C526,2023/12/27
123042368,4,C1232,2023/12/22
123044512,4,C417,2023/11/14
123046544,1,C1345,2023/6/9
123046611,2,C628,2023/2/17
123042413,5,C781,2023/4/16
123042423,4,C744,2023/2/19
123044842,3,C1521,2023/7/9
123046639,4,C529,2023/1/2
123043182,3,C1409,2023/9/26
123042446,4,C1414,2023/7/14
123044547,5,C1186,2023/12/4
123044876,1,C170,2023/2/27
123042520,2,C1631,2023/6/3
123047394,3,C1106,2023/9/19
123046797,5,C1439,2023/7/12
123042552,3,C1416,2023/3/2
123042579,5,C581,2023/11/5
123043219,2,C1048,2023/6/10
123046846,3,C1222,2023/8/3
123043834,5,C1689,2023/12/19
123042896,2,C490,2023/3/17
123044899,2,C1642,2023/7/26
123044618,1,C1211,2023/12/14
123043247,3,C753,2023/5/27
123047029,2,C82,2023/1/22
123047048,2,C364,2023/11/7
123042751,2,C190,2023/3/25
123044702,1,C1558,2023/8/10
123042771,2,C1151,2023/6/8
123044642,5,C1022,2023/6/21
123041622,5,C939,2023/12/9
123047272,3,C931,2023/8/28
123047317,4,C1465,2023/2/25
123045362,1,C245,2023/9/25
123042875,4,C1698,2023/5/28
123043317,5,C291,2023/12/5
123043968,3,C700,2023/2/12
123044015,2,C583,2023/8/14
123041951,4,C145,2023/2/15
123044031,2,C788,2023/7/15
123045022,3,C623,2023/3/5
123043437,3,C424,2023/8/24
123045054,2,C565,2023/1/15
123041833,4,C797,2023/9/23
123041844,2,C1396,2023/3/26
123045420,2,C852,2023/10/3
123045092,2,C1056,2023/12/28
123045430,2,C1337,2023/2/25
123044136,2,C688,2023/5/16
123041871,2,C1162,2023/3/13
123044148,2,C1739,2023/5/4
123041881,3,C729,2023/8/7
123043546,5,C1497,2023/6/17
123041905,2,C1531,2023/12/22
123045462,1,C884,2023/10/11
123045483,4,C651,2023/9/10
123043601,2,C1354,2023/8/1
123050775,2,C16,2023/6/20
123050405,2,C1601,2023/5/7
123048615,2,C1164,2023/12/16
123050803,2,C794,2023/12/6
123051238,1,C340,2023/12/8
123051249,4,C723,2023/6/23
123047896,2,C667,2023/1/9
123051253,1,C1648,2023/2/4
123049816,4,C1020,2023/11/6
123049817,4,C1716,2023/11/2
123051326,3,C119,2023/9/6
123051451,2,C366,2023/9/9
123048669,5,C317,2023/5/1
123047990,2,C1284,2023/7/11
123051488,1,C846,2023/12/22
123051518,4,C1270,2023/6/19
123049293,2,C363,2023/12/9
123051519,1,C572,2023/4/13
123049915,2,C562,2023/6/24
123050462,3,C53,2023/12/13
123049314,4,C721,2023/11/14
123048693,1,C547,2023/10/9
123050471,2,C223,2023/11/21
123049322,3,C1489,2023/1/26
123050481,3,C764,2023/12/5
123051640,2,C1174,2023/8/13
123048720,4,C43,2023/9/13
123050868,2,C947,2023/6/14
123051702,1,C985,2023/3/23
123048074,3,C1600,2023/12/14
123048085,2,C1197,2023/11/1
123049345,2,C549,2023/9/13
123048751,2,C1631,2023/6/1
123051806,2,C739,2023/2/8
123048126,5,C179,2023/4/15
123048767,4,C464,2023/12/20
123050497,4,C429,2023/12/28
123047518,2,C1652,2023/8/22
123048770,1,C1509,2023/7/12
123047531,3,C372,2023/4/2
123051892,4,C321,2023/6/25
123049374,1,C231,2023/6/9
123050107,2,C100,2023/9/11
123047538,3,C171,2023/12/26
123050895,1,C506,2023/2/11
123048180,4,C1602,2023/12/22
123050523,2,C1210,2023/9/26
123050126,1,C1007,2023/4/12
123050131,5,C1315,2023/5/19
123048782,3,C1476,2023/4/26
123050161,5,C1245,2023/1/14
123052202,2,C1279,2023/7/25
123052248,3,C535,2023/9/13
123049432,2,C68,2023/7/12
123048295,3,C936,2023/6/14
123052389,3,C1581,2023/8/24
123050224,4,C1369,2023/8/7
123050231,2,C1466,2023/7/6
123048815,2,C991,2023/8/25
123052589,2,C186,2023/6/10
123052597,2,C872,2023/11/18
123052621,3,C1409,2023/12/12
123048438,2,C81,2023/5/17
123050365,2,C367,2023/8/15
123048889,1,C1347,2023/1/25
123052691,1,C643,2023/10/15
123052708,5,C613,2023/3/24
123049539,4,C956,2023/6/24
123050950,1,C736,2023/7/13
123049545,2,C1233,2023/12/13
123050567,2,C745,2023/2/10
123048928,2,C1299,2023/12/13
123048930,2,C611,2023/12/8
123047619,5,C155,2023/1/27
123047410,4,C1133,2023/8/9
123047418,1,C1711,2023/1/5
123050612,5,C580,2023/5/8
123051006,2,C855,2023/9/18
123049644,2,C1666,2023/5/13
123050663,4,C92,2023/10/3
123051026,1,C114,2023/5/17
123049661,5,C1255,2023/7/12
123051035,2,C1438,2023/12/13
123050705,4,C398,2023/10/11
123051066,2,C306,2023/8/21
123050712,4,C775,2023/10/17
123048574,2,C334,2023/12/16
123049094,3,C1409,2023/6/17
123050732,2,C881,2023/12/17
123048594,2,C485,2023/1/16
123049714,3,C1127,2023/3/26
123049734,4,C453,2023/7/14
123049208,1,C925,2023/11/16
123053311,5,C875,2023/4/17
123055571,2,C954,2023/9/9
123056724,1,C137,2023/3/8
123056747,2,C1473,2023/3/4
123055580,4,C102,2023/5/28
123055591,3,C1699,2023/12/3
123052770,2,C1504,2023/8/5
123055919,1,C611,2023/12/4
123056890,5,C331,2023/3/1
123054235,1,C782,2023/2/25
123055624,3,C121,2023/11/14
123052787,5,C172,2023/11/26
123056952,1,C1140,2023/12/25
123054253,4,C2,2023/6/26
123052798,4,C1583,2023/6/6
123057013,4,C1322,2023/3/10
123057037,1,C1332,2023/2/22
123052819,3,C700,2023/1/27
123052828,3,C725,2023/1/10
123053529,2,C374,2023/10/3
123053538,1,C503,2023/10/12
123052841,2,C730,2023/10/13
123057207,4,C728,2023/12/5
123057241,2,C1371,2023/6/8
123057270,1,C682,2023/6/15
123052752,2,C1197,2023/4/22
123057297,3,C141,2023/2/14
123057320,1,C351,2023/1/28
123057353,4,C1252,2023/11/8
123055076,1,C1365,2023/1/28
123055696,1,C591,2023/4/13
123055719,3,C408,2023/3/5
123057444,4,C474,2023/8/2
123056417,2,C1587,2023/12/26
123057593,4,C1456,2023/12/18
123053725,5,C960,2023/11/17
123055730,2,C334,2023/12/10
123056023,1,C907,2023/4/19
123057693,3,C31,2023/8/16
123052908,2,C1497,2023/12/5
123053766,4,C557,2023/11/2
123053812,2,C569,2023/11/20
123057771,4,C1653,2023/6/24
123056057,3,C582,2023/8/23
123057831,5,C118,2023/7/28
123056058,1,C755,2023/7/2
123058271,1,C4,2023/4/5
123055861,2,C461,2023/11/8
123055286,1,C900,2023/8/19
123052970,3,C244,2023/10/12
123054492,5,C316,2023/3/24
123053017,2,C699,2023/8/8
123055312,3,C994,2023/12/23
123055351,2,C1090,2023/1/8
123056199,2,C1491,2023/5/11
123056204,1,C578,2023/7/9
123053277,2,C174,2023/10/23
123054682,4,C581,2023/7/13
123054701,1,C98,2023/12/6
123053097,1,C856,2023/3/6
123054719,1,C1064,2023/6/18
123054746,2,C10,2023/1/16
123056250,2,C1605,2023/12/15
123056267,3,C204,2023/9/15
123054798,2,C784,2023/9/9
123055532,2,C1562,2023/9/11
123053239,5,C1444,2023/8/2
123053252,2,C544,2023/10/19
123055547,2,C15,2023/10/12
123061915,2,C1739,2023/1/24
123062671,3,C1699,2023/11/9
123062729,2,C1019,2023/3/17
123061928,2,C1556,2023/8/2
123062750,2,C739,2023/11/2
123061332,2,C196,2023/11/23
123062774,1,C1104,2023/8/5
123059963,2,C1264,2023/9/23
123062819,2,C248,2023/11/8
123060007,2,C19,2023/6/28
123060011,4,C679,2023/11/5
123059090,2,C187,2023/10/26
123061359,4,C353,2023/2/7
123062334,1,C677,2023/7/22
123062954,2,C557,2023/9/11
123059145,2,C1051,2023/12/15
123059181,2,C1473,2023/10/8
123059194,5,C391,2023/9/19
123059221,2,C711,2023/3/8
123060648,1,C1566,2023/6/10
123058437,1,C1683,2023/2/17
123059237,3,C14,2023/11/7
123059264,2,C1021,2023/12/20
123060074,1,C1531,2023/10/4
123063135,1,C65,2023/7/13
123061420,1,C1589,2023/3/11
123059281,2,C1370,2023/10/3
123059291,2,C1693,2023/9/16
123063272,1,C248,2023/8/19
123061973,1,C992,2023/11/22
123063289,5,C751,2023/7/18
123059343,4,C183,2023/5/4
123061476,5,C816,2023/11/16
123061491,2,C387,2023/10/14
123059394,2,C1657,2023/8/16
123059418,1,C382,2023/11/23
123063412,2,C1030,2023/6/14
123059427,1,C1327,2023/10/23
123062399,2,C308,2023/1/9
123059459,5,C1740,2023/10/6
123061531,3,C566,2023/9/15
123059473,3,C920,2023/7/28
123061558,4,C398,2023/6/28
123063554,4,C1474,2023/1/15
123059530,3,C507,2023/5/14
123061632,1,C1254,2023/9/4
123061643,5,C1344,2023/5/11
123063888,1,C1075,2023/8/19
123063931,2,C300,2023/11/18
123063995,2,C930,2023/8/23
123064018,3,C1553,2023/5/26
123061673,2,C1087,2023/6/19
123064158,2,C1240,2023/1/12
123061899,2,C639,2023/9/24
123059643,2,C927,2023/12/8
123058510,2,C1144,2023/6/22
123061755,1,C1124,2023/9/19
123059686,2,C1397,2023/4/9
123059717,2,C1384,2023/12/20
123062091,3,C1297,2023/11/22
123061776,5,C1467,2023/8/12
123064345,2,C656,2023/2/11
123064358,2,C366,2023/1/19
123058537,1,C389,2023/9/22
123064490,2,C40,2023/6/28
123060235,5,C1555,2023/10/4
123064509,3,C83,2023/8/7
123060246,4,C500,2023/10/24
123061892,2,C1517,2023/12/26
123059826,2,C941,2023/6/11
123062440,2,C421,2023/4/5
123058652,5,C932,2023/2/3
123058707,1,C1326,2023/11/10
123060954,5,C659,2023/5/6
123059903,2,C1576,2023/5/5
123060358,2,C1647,2023/3/5
123061020,4,C5,2023/2/7
123061030,3,C1134,2023/11/26
123060420,4,C1292,2023/6/28
123062572,2,C602,2023/12/11
123060474,2,C215,2023/11/25
123058877,4,C1656,2023/12/20
123061239,4,C1028,2023/10/26
123062627,2,C857,2023/3/8
123060529,2,C1290,2023/12/27
123058886,1,C26,2023/8/10
123061297,2,C80,2023/9/11
123069308,4,C1542,2023/7/22
123066590,2,C941,2023/7/12
123067274,2,C1429,2023/7/21
123067919,2,C565,2023/1/23
123067943,3,C1513,2023/11/15
123067947,3,C1109,2023/9/3
123069483,1,C682,2023/10/16
123069537,2,C1647,2023/9/12
123069614,2,C619,2023/12/26
123069623,1,C595,2023/7/6
123068977,2,C186,2023/9/24
123065445,3,C624,2023/4/5
123068986,5,C638,2023/1/17
123066649,2,C1027,2023/4/15
123068587,2,C926,2023/11/13
123064746,2,C1159,2023/7/17
123065512,3,C150,2023/11/20
123064781,5,C296,2023/11/7
123064791,1,C1623,2023/11/22
123069891,2,C894,2023/12/3
123068996,3,C171,2023/7/24
123065597,2,C587,2023/7/3
123067347,4,C1551,2023/9/15
123069935,2,C278,2023/12/6
123068084,2,C1562,2023/9/12
123069282,2,C1625,2023/11/25
123069965,2,C983,2023/11/26
123069982,2,C539,2023/8/19
123070030,1,C406,2023/9/22
123068119,5,C74,2023/8/14
123070076,4,C345,2023/8/13
123070116,3,C1552,2023/12/15
123070151,1,C415,2023/7/20
123070181,1,C1303,2023/7/9
123068214,2,C812,2023/8/10
123064858,2,C928,2023/6/3
123065842,1,C1439,2023/8/27
123070200,1,C561,2023/5/11
123065857,1,C1092,2023/4/8
123070214,1,C747,2023/11/24
123070284,1,C361,2023/6/13
123066689,1,C1669,2023/7/6
123065884,2,C1396,2023/12/8
123070293,5,C800,2023/6/15
123068225,5,C542,2023/10/26
123067478,2,C1570,2023/11/1
123070332,2,C598,2023/12/26
123065893,3,C1071,2023/11/15
123065911,2,C949,2023/5/26
123070391,2,C1658,2023/1/8
123064878,2,C1743,2023/8/27
123067520,2,C979,2023/6/27
123068276,3,C1527,2023/5/25
123068282,4,C706,2023/6/11
123068288,2,C971,2023/6/16
123070448,2,C618,2023/1/17
123069303,3,C332,2023/12/8
123066763,2,C1472,2023/12/3
123066029,2,C1717,2023/9/6
123070490,2,C1402,2023/6/1
123068348,2,C1298,2023/10/22
123070561,3,C1108,2023/12/27
123070585,3,C45,2023/9/2
123070598,2,C33,2023/9/21
123068405,4,C1443,2023/10/27
123070799,1,C551,2023/9/28
123070822,2,C318,2023/12/11
123066297,2,C694,2023/3/3
123070852,5,C622,2023/10/23
123070880,4,C407,2023/10/28
123070895,1,C1430,2023/11/18
123066813,1,C201,2023/7/22
123066373,3,C220,2023/5/28
123066380,2,C1632,2023/4/10
123067647,4,C1262,2023/11/17
123068496,2,C1085,2023/2/24
123068757,3,C654,2023/6/28
123068797,1,C911,2023/12/7
123066874,2,C1529,2023/12/7
123065001,5,C814,2023/9/5
123065011,2,C788,2023/11/18
123067714,1,C846,2023/11/18
123068809,2,C1087,2023/4/15
123068814,3,C950,2023/11/1
123068822,1,C640,2023/12/20
123068867,5,C329,2023/6/22
123066956,5,C424,2023/11/1
123066957,4,C61,2023/4/18
123065068,1,C661,2023/11/16
123069205,1,C889,2023/6/4
123066556,1,C1435,2023/9/17
123069242,2,C665,2023/6/2
123067144,2,C593,2023/1/21
123064674,2,C1182,2023/10/14
123067877,3,C120,2023/9/3
123071485,2,C506,2023/8/24
123071121,5,C686,2023/5/3
123072955,3,C483,2023/6/13
123073216,2,C531,2023/8/19
123073277,3,C681,2023/7/10
123073342,2,C399,2023/10/10
123071543,1,C1266,2023/2/26
123073438,4,C709,2023/6/18
123073458,3,C919,2023/4/18
123072641,3,C785,2023/1/8
123073506,5,C592,2023/8/22
123072960,4,C826,2023/2/4
123073528,2,C1197,2023/12/23
123073555,2,C1080,2023/7/22
123071581,2,C1327,2023/6/22
123073584,2,C564,2023/5/21
123073626,2,C1056,2023/3/26
123073664,2,C412,2023/11/5
123072668,1,C1007,2023/1/27
123071666,2,C1570,2023/1/26
123071693,4,C1477,2023/8/21
123073923,2,C343,2023/9/6
123072696,4,C1586,2023/1/20
123074100,2,C549,2023/12/11
123074334,2,C1172,2023/9/5
123071797,3,C967,2023/11/19
123072761,4,C335,2023/11/19
123072434,4,C12,2023/5/13
123072482,2,C1742,2023/1/28
123073140,3,C920,2023/6/20
123071386,2,C528,2023/11/19
123071392,2,C584,2023/10/7
123072886,2,C1450,2023/12/14
123071999,5,C990,2023/9/24
123072920,5,C1655,2023/7/1
123075065,2,C325,2023/11/18
123075068,2,C1366,2023/8/7
123077369,2,C368,2023/9/27
123077376,1,C438,2023/7/4
123078165,1,C10,2023/9/1
123078637,1,C436,2023/11/10
123077405,2,C903,2023/7/21
123075117,3,C189,2023/8/2
123078670,2,C897,2023/10/22
123075122,1,C740,2023/2/11
123077717,1,C1347,2023/11/9
123075127,4,C1615,2023/6/25
123077416,2,C1567,2023/6/22
123075153,1,C1026,2023/12/10
123078867,4,C1421,2023/11/4
123075193,3,C644,2023/11/18
123074532,2,C1242,2023/4/11
123075220,3,C1044,2023/10/1
123079005,3,C548,2023/4/11
123076816,1,C514,2023/9/23
123077757,4,C945,2023/7/11
123077474,5,C1295,2023/1/13
123079135,3,C1611,2023/11/20
123077763,2,C805,2023/10/27
123079174,4,C20,2023/8/11
123079177,3,C1139,2023/8/17
123076170,2,C841,2023/2/6
123078228,1,C1718,2023/6/7
123079284,1,C1290,2023/10/26
123076860,5,C1541,2023/9/28
123077797,1,C1338,2023/10/17
123076183,2,C910,2023/12/22
123079448,4,C995,2023/12/23
123075438,1,C1338,2023/9/7
123076876,2,C1518,2023/9/10
123077521,1,C796,2023/7/6
123076210,2,C1001,2023/12/18
123075500,1,C38,2023/8/15
123076904,3,C743,2023/11/17
123079656,1,C1092,2023/12/12
123075917,2,C786,2023/5/2
123079726,3,C1045,2023/9/15
123077584,1,C1257,2023/12/17
123079761,4,C1228,2023/12/2
123079793,2,C1390,2023/8/27
123079799,3,C1715,2023/11/12
123075921,4,C354,2023/12/24
123079847,2,C817,2023/10/25
123079925,2,C783,2023/7/4
123075651,2,C13,2023/7/6
123080030,2,C1187,2023/12/2
123080031,1,C1342,2023/8/4
123077860,5,C988,2023/11/18
123077635,3,C1446,2023/6/5
123080143,3,C816,2023/12/4
123077045,1,C1665,2023/11/5
123074658,2,C1330,2023/12/11
123080188,2,C457,2023/11/1
123077917,3,C226,2023/4/3
123080228,2,C1728,2023/11/17
123080273,3,C1126,2023/1/2
123077690,3,C1636,2023/10/16
123080299,1,C613,2023/5/2
123080313,1,C282,2023/6/25
123075848,5,C715,2023/9/16
123080392,3,C1750,2023/2/17
123078317,2,C375,2023/6/27
123077080,2,C1549,2023/2/24
123075960,2,C136,2023/1/26
123074999,4,C1456,2023/1/17
123076401,5,C790,2023/12/24
123077941,4,C71,2023/5/20
123077968,5,C906,2023/5/12
123078336,3,C473,2023/1/26
123076438,1,C1211,2023/12/6
123076440,5,C638,2023/11/19
123077187,3,C655,2023/10/22
123078008,5,C1453,2023/1/17
123074794,2,C89,2023/3/25
123075029,2,C209,2023/3/24
123077196,5,C306,2023/8/11
123078041,4,C1304,2023/2/12
123074864,4,C251,2023/2/15
123077231,2,C674,2023/1/20
123077266,2,C1216,2023/1/17
123078086,2,C1632,2023/6/4
123076650,1,C592,2023/4/12
123076653,2,C468,2023/1/19
123076032,5,C1751,2023/12/23
123077309,5,C579,2023/11/19
123078127,5,C1206,2023/11/3
123074977,4,C200,2023/6/10
123074979,4,C1650,2023/11/18
123078155,2,C898,2023/5/11
123078158,2,C1152,2023/12/28
123078498,1,C525,2023/1/16
123082774,4,C1565,2023/12/26
123084654,5,C194,2023/8/28
123083383,5,C317,2023/7/17
123084680,2,C910,2023/2/20
123081097,1,C977,2023/8/11
123084728,4,C1568,2023/4/6
123081937,2,C240,2023/7/9
123084846,3,C469,2023/12/12
123080506,2,C599,2023/11/15
123084914,2,C1654,2023/1/16
123081746,5,C639,2023/5/16
123084321,4,C1225,2023/5/6
123081180,3,C1192,2023/10/4
123085087,2,C1083,2023/6/3
123085093,2,C1030,2023/4/18
123084331,2,C1278,2023/12/6
123082010,4,C1419,2023/10/25
123084332,3,C616,2023/9/17
123082031,2,C287,2023/6/26
123084351,1,C192,2023/7/20
123082052,5,C388,2023/9/24
123085326,3,C1586,2023/11/28
123082069,3,C1494,2023/5/28
123081383,5,C267,2023/1/23
123081755,1,C279,2023/5/28
123085340,3,C692,2023/12/7
123082759,1,C194,2023/11/21
123081391,3,C1527,2023/10/14
123083917,1,C905,2023/12/14
123082081,1,C1334,2023/12/15
123080653,5,C1318,2023/9/28
123080661,4,C1133,2023/6/22
123082885,2,C874,2023/8/26
123085588,1,C1401,2023/5/13
123083935,2,C980,2023/8/25
123083548,5,C296,2023/5/19
123085634,4,C302,2023/9/14
123085675,3,C1333,2023/12/2
123085814,4,C1155,2023/6/17
123083602,3,C1499,2023/11/12
123080719,3,C1095,2023/11/3
123085867,3,C1523,2023/12/25
123080730,3,C1588,2023/6/7
123081826,2,C283,2023/5/20
123080439,4,C200,2023/11/4
123086053,3,C1253,2023/1/19
123083988,2,C1386,2023/4/14
123084440,1,C389,2023/12/9
123082998,3,C706,2023/6/15
123083036,3,C655,2023/6/5
123081860,4,C276,2023/11/13
123082528,3,C502,2023/3/13
123084118,1,C1675,2023/11/11
123080858,2,C1220,2023/5/14
123084143,5,C373,2023/12/23
123082561,1,C567,2023/11/28
123084528,5,C915,2023/11/13
123083137,3,C877,2023/12/21
123080899,1,C164,2023/3/26
123084580,3,C1055,2023/12/25
123080454,3,C160,2023/1/27
123081909,4,C957,2023/12/10
123084206,3,C1610,2023/3/17
123083293,1,C298,2023/6/27
123084240,3,C1523,2023/7/8
123089061,3,C50,2023/5/13
123090606,5,C1295,2023/9/20
123087759,1,C1003,2023/11/7
123087802,2,C1662,2023/1/13
123087583,4,C336,2023/9/25
123090631,1,C331,2023/1/1
123089075,5,C1110,2023/3/2
123086760,2,C67,2023/10/21
123089101,2,C849,2023/10/20
123088546,3,C1665,2023/12/16
123086326,4,C1529,2023/8/27
123087889,4,C1292,2023/10/9
123086837,1,C810,2023/6/1
123091067,2,C1493,2023/6/15
123086868,3,C465,2023/5/9
123089181,2,C16,2023/2/7
123086924,3,C269,2023/12/8
123086353,1,C72,2023/8/15
123091169,3,C1735,2023/12/16
123086944,3,C1024,2023/5/1
123089573,3,C1620,2023/6/18
123091301,2,C47,2023/10/7
123087942,3,C1679,2023/11/18
123087040,2,C604,2023/12/23
123090230,4,C1061,2023/9/15
123091460,3,C1209,2023/3/9
123089233,1,C491,2023/12/9
123089246,3,C652,2023/5/5
123089263,1,C1464,2023/8/11
123087068,2,C257,2023/8/18
123086450,1,C661,2023/5/8
123089275,1,C416,2023/9/13
123088693,3,C1704,2023/5/21
123090589,5,C702,2023/12/9
123089284,3,C582,2023/6/4
123090147,2,C1018,2023/8/25
123091676,3,C1446,2023/9/15
123088063,2,C360,2023/1/26
123091787,1,C208,2023/10/25
123087187,3,C974,2023/4/17
123089327,2,C1111,2023/8/24
123088729,3,C1117,2023/2/9
123091878,4,C1615,2023/9/22
123091938,3,C1145,2023/5/26
123089366,2,C767,2023/12/25
123091977,4,C325,2023/8/17
123089373,3,C762,2023/10/25
123091987,3,C309,2023/3/2
123092008,3,C814,2023/11/7
123092079,4,C164,2023/4/21
123089401,3,C1747,2023/11/4
123087383,3,C328,2023/12/10
123086491,4,C550,2023/2/24
123088176,4,C710,2023/12/25
123092144,1,C1073,2023/9/8
123087414,1,C140,2023/1/3
123087424,3,C1293,2023/12/2
123087436,3,C396,2023/8/5
123092262,3,C1141,2023/5/1
123092268,3,C852,2023/3/5
123088198,3,C210,2023/4/22
123087491,5,C157,2023/6/2
123088809,1,C981,2023/2/20
123087501,3,C616,2023/10/28
123092371,3,C778,2023/3/13
123092380,5,C386,2023/9/24
123087568,3,C210,2023/4/13
123088814,5,C36,2023/8/4
123088854,2,C1275,2023/11/3
123090411,3,C381,2023/11/11
123089787,5,C815,2023/6/16
123089790,5,C36,2023/8/8
123089794,1,C111,2023/5/19
123090450,5,C1096,2023/5/4
123087652,3,C128,2023/4/25
123088236,2,C620,2023/5/20
123088240,4,C1687,2023/10/20
123088933,3,C1650,2023/6/24
123088940,5,C818,2023/8/26
123088308,3,C444,2023/12/21
123089954,3,C1059,2023/9/18
123089963,1,C1403,2023/11/18
123089981,1,C229,2023/7/7
123087729,3,C1432,2023/9/9
123090089,3,C518,2023/9/2
123090134,5,C516,2023/5/16
123090140,2,C272,2023/6/10
123092973,3,C1157,2023/10/20
123096414,2,C586,2023/4/8
123092982,3,C1247,2023/12/13
123096443,1,C643,2023/10/5
123095213,2,C763,2023/9/25
123095222,1,C26,2023/6/11
123096475,1,C810,2023/6/16
123095239,3,C1139,2023/6/13
123096634,2,C1016,2023/4/6
123093829,3,C978,2023/6/22
123095257,4,C423,2023/2/5
123096685,3,C880,2023/2/14
123096700,3,C600,2023/8/2
123093045,5,C161,2023/9/9
123096720,1,C1469,2023/2/8
123096765,3,C774,2023/7/2
123094536,1,C1132,2023/2/2
123095296,3,C116,2023/5/4
123095569,2,C1300,2023/1/15
123096787,1,C4,2023/3/8
123096028,2,C159,2023/9/24
123093100,4,C550,2023/11/3
123096835,3,C834,2023/11/8
123093864,2,C742,2023/10/20
123096932,3,C1076,2023/10/17
123097013,2,C1323,2023/8/3
123094586,3,C1554,2023/1/12
123093190,3,C29,2023/11/20
123097049,3,C1151,2023/2/28
123093238,3,C171,2023/7/2
123094593,4,C684,2023/4/1
123093677,3,C1607,2023/10/16
123092526,1,C829,2023/6/17
123095343,3,C1729,2023/8/26
123097097,4,C302,2023/5/25
123095355,2,C1548,2023/5/15
123096037,3,C1079,2023/7/12
123093278,4,C912,2023/12/4
123095625,4,C1283,2023/9/3
123097424,3,C1649,2023/2/22
123097430,3,C1340,2023/11/13
123092601,3,C1527,2023/6/21
123093950,3,C1381,2023/5/25
123097567,2,C866,2023/1/14
123093967,5,C52,2023/8/12
123094779,5,C69,2023/6/6
123095450,2,C1646,2023/5/27
123095467,3,C1626,2023/10/20
123097767,3,C762,2023/2/16
123095479,4,C1720,2023/12/20
123093504,4,C115,2023/12/28
123092660,3,C535,2023/5/11
123093511,1,C1363,2023/11/10
123094015,5,C130,2023/2/13
123097935,2,C1327,2023/4/28
123095499,2,C1562,2023/8/15
123093544,3,C1029,2023/9/15
123094803,1,C976,2023/10/12
123097955,3,C1123,2023/6/17
123097956,3,C1241,2023/10/26
123095533,3,C463,2023/1/12
123096126,1,C902,2023/7/23
123098175,1,C225,2023/7/16
123092699,3,C590,2023/5/19
123095751,4,C1040,2023/10/15
123094874,1,C731,2023/10/2
123095780,4,C193,2023/1/11
123094932,1,C117,2023/1/19
123095804,5,C968,2023/1/23
123094128,3,C1106,2023/12/25
123094950,3,C1588,2023/12/8
123094198,3,C1481,2023/6/3
123095004,3,C1492,2023/8/8
123096212,2,C811,2023/1/20
123095029,2,C607,2023/5/28
123095869,2,C1719,2023/5/23
123095087,3,C1653,2023/11/21
123092853,3,C501,2023/9/15
123094372,5,C311,2023/3/22
123096250,3,C1721,2023/9/18
123095098,3,C605,2023/2/12
123095123,3,C672,2023/11/13
123094468,3,C1724,2023/8/18
123092933,2,C1160,2023/1/21
123096000,3,C1180,2023/3/25
123001170,5,C388,2023/6/26
123002542,1,C986,2023/1/7
123001204,2,C678,2023/4/11
123098853,3,C1738,2023/8/24
123099968,2,C538,2023/12/22
123001220,4,C1301,2023/2/17
123002732,3,C50,2023/5/1
123001226,3,C1644,2023/1/16
123002801,3,C1223,2023/1/12
123000664,1,C1025,2023/12/26
123000676,3,C969,2023/11/6
123001241,5,C1245,2023/5/23
123098983,3,C196,2023/4/24
123000691,3,C1730,2023/9/13
123000012,4,C863,2023/6/11
123001250,4,C622,2023/1/4
123098991,3,C1400,2023/1/10
123098264,5,C448,2023/10/24
123003088,2,C1195,2023/4/12
123003140,3,C434,2023/10/6
123001297,3,C414,2023/3/28
123099140,1,C259,2023/5/1
123003329,3,C974,2023/11/25
123000739,3,C1158,2023/11/10
123099262,3,C496,2023/6/26
123001347,1,C934,2023/8/9
123099271,4,C550,2023/10/18
123000768,3,C397,2023/11/12
123099300,4,C84,2023/8/8
123001627,3,C196,2023/11/23
123098349,5,C1002,2023/12/15
123003478,3,C335,2023/6/23
123000136,3,C1523,2023/7/23
123099344,1,C1683,2023/2/18
123099370,1,C472,2023/9/3
123000161,2,C1562,2023/11/27
123099409,2,C556,2023/6/28
123099414,4,C326,2023/12/27
123001679,2,C1242,2023/5/23
123001420,3,C154,2023/9/6
123003780,3,C982,2023/9/27
123001447,3,C1421,2023/11/8
123099482,3,C502,2023/3/26
123099526,3,C735,2023/11/5
123098399,3,C129,2023/9/8
123001689,3,C99,2023/6/11
123000820,3,C165,2023/5/8
123004009,3,C812,2023/8/22
123099651,5,C1296,2023/6/22
123099670,5,C804,2023/7/7
123002264,2,C615,2023/8/26
123002272,4,C808,2023/11/22
123099780,5,C1700,2023/12/2
123000290,3,C676,2023/3/11
123098481,1,C149,2023/9/8
123001794,1,C1486,2023/9/15
123001826,3,C1354,2023/11/22
123001004,5,C1655,2023/10/21
123098541,3,C923,2023/8/12
123001022,3,C1513,2023/8/19
123002352,5,C1424,2023/8/7
123001878,1,C21,2023/3/9
123000403,4,C1074,2023/1/17
123001041,5,C1318,2023/12/25
123000442,3,C819,2023/7/7
123000468,2,C968,2023/12/11
123001084,5,C668,2023/12/24
123098627,4,C209,2023/9/11
123001091,3,C219,2023/9/1
123001938,3,C562,2023/8/23
123002451,2,C1464,2023/7/23
123098704,1,C575,2023/11/16
123002462,1,C595,2023/5/20
123001117,2,C132,2023/10/28
123098746,4,C737,2023/10/4
123007729,3,C970,2023/2/8
123009249,5,C41,2023/4/7
123009284,5,C621,2023/8/14
123009315,3,C1579,2023/8/11
123008698,5,C1710,2023/1/18
123009395,3,C1630,2023/11/7
123009405,3,C651,2023/5/25
123009432,5,C127,2023/4/24
123006368,3,C655,2023/9/6
123005129,4,C497,2023/6/11
123007814,2,C343,2023/10/26
123005228,1,C976,2023/9/8
123006387,1,C1113,2023/2/6
123007850,5,C234,2023/12/26
123007872,5,C1245,2023/8/8
123006408,2,C1152,2023/8/8
123006439,1,C208,2023/11/27
123005333,1,C37,2023/11/28
123004474,2,C19,2023/6/7
123008294,1,C107,2023/3/14
123005392,4,C10,2023/10/21
123007935,3,C213,2023/2/22
123005440,2,C181,2023/6/11
123007945,4,C1716,2023/7/17
123009980,3,C1044,2023/7/2
123006075,3,C1433,2023/1/27
123010010,4,C87,2023/6/7
123005496,4,C631,2023/9/4
123007952,2,C1612,2023/5/1
123007969,3,C1527,2023/12/22
123010065,3,C903,2023/8/4
123005569,2,C1713,2023/1/16
123005575,4,C1508,2023/2/3
123007265,2,C663,2023/12/14
123004572,5,C1305,2023/5/9
123005638,3,C1632,2023/10/27
123008013,2,C61,2023/6/7
123010263,5,C311,2023/8/24
123008761,3,C88,2023/4/27
123010310,1,C1683,2023/12/10
123010337,2,C584,2023/12/9
123006537,4,C1498,2023/11/7
123004612,2,C1174,2023/11/25
123007315,3,C1399,2023/10/13
123010481,2,C144,2023/11/18
123010510,2,C1080,2023/4/2
123004639,1,C504,2023/11/9
123010553,5,C789,2023/11/19
123005788,5,C1167,2023/7/22
123005812,1,C149,2023/11/9
123010584,3,C1138,2023/8/15
123007380,1,C1580,2023/8/18
123007390,5,C346,2023/5/8
123010681,3,C473,2023/4/26
123005863,1,C1608,2023/9/10
123006612,4,C891,2023/7/13
123005869,2,C126,2023/7/13
123008397,3,C532,2023/10/4
123010828,2,C1300,2023/11/1
123008420,3,C1274,2023/9/13
123010870,1,C1092,2023/8/9
123010917,2,C1030,2023/6/18
123004674,2,C247,2023/12/19
123008809,3,C1377,2023/9/20
123008166,3,C1067,2023/2/1
123008171,3,C1732,2023/9/27
123006013,2,C767,2023/9/21
123010982,5,C1334,2023/11/10
123011004,2,C845,2023/10/25
123011006,3,C1294,2023/12/4
123011038,4,C733,2023/5/1
123007451,1,C471,2023/11/27
123007475,3,C1387,2023/4/14
123004721,5,C1477,2023/9/7
123004753,4,C1261,2023/8/15
123007494,3,C793,2023/12/19
123008521,3,C1045,2023/1/21
123004779,3,C1416,2023/5/10
123008935,4,C744,2023/1/27
123008537,3,C330,2023/12/21
123006875,2,C317,2023/3/18
123008553,2,C565,2023/8/25
123008566,5,C1710,2023/6/25
123006965,1,C1664,2023/12/17
123009073,2,C1035,2023/12/9
123007678,2,C1240,2023/7/17
123009028,3,C60,2023/6/13
123012573,3,C378,2023/8/7
123011062,3,C1325,2023/12/4
123012048,5,C310,2023/11/10
123013289,1,C229,2023/5/6
123013426,3,C1394,2023/12/20
123012604,2,C1667,2023/11/5
123013466,2,C1633,2023/8/8
123011105,5,C1137,2023/2/19
123012916,4,C773,2023/9/14
123013544,2,C1496,2023/8/24
123013739,1,C1625,2023/2/23
123011142,2,C913,2023/12/6
123011624,2,C236,2023/1/21
123013790,3,C1681,2023/12/19
123013848,1,C1295,2023/2/16
123011629,2,C1605,2023/1/20
123012229,3,C753,2023/11/26
123011176,1,C1575,2023/11/2
123012235,3,C1650,2023/6/14
123011186,5,C1604,2023/6/8
123014104,3,C1488,2023/7/21
123014216,1,C661,2023/10/10
123013136,3,C243,2023/9/11
123014306,3,C233,2023/6/2
123012299,3,C1336,2023/1/9
123012311,2,C1417,2023/6/19
123014443,1,C1419,2023/8/16
123012719,1,C677,2023/8/13
123014498,2,C488,2023/3/9
123012736,5,C48,2023/7/25
123014514,3,C1681,2023/6/17
123011799,5,C1103,2023/11/18
123011350,3,C1736,2023/7/23
123012773,3,C141,2023/7/13
123012390,1,C910,2023/10/2
123012804,1,C217,2023/7/14
123012811,5,C1218,2023/3/2
123012841,2,C1060,2023/11/4
123011404,4,C394,2023/10/15
123012463,1,C897,2023/8/6
123012879,1,C144,2023/10/26
123012500,3,C1628,2023/11/16
123012882,3,C1192,2023/6/4
123011462,5,C392,2023/9/26
123011941,4,C1050,2023/11/6
123014573,3,C112,2023/4/27
123017485,1,C410,2023/12/16
123018750,5,C488,2023/10/14
123016888,4,C1537,2023/11/8
123016116,1,C23,2023/7/18
123017876,4,C1268,2023/5/7
123014590,3,C506,2023/9/23
123017545,4,C285,2023/11/25
123018917,3,C467,2023/6/14
123015291,3,C967,2023/5/13
123018938,3,C867,2023/7/2
123016940,1,C1351,2023/8/11
123019001,2,C57,2023/8/25
123016950,4,C458,2023/10/12
123017568,2,C844,2023/4/14
123016961,3,C486,2023/4/1
123019012,3,C280,2023/9/10
123015340,2,C217,2023/11/15
123018371,5,C1245,2023/9/28
123019096,3,C1715,2023/12/4
123019110,3,C1272,2023/7/22
123015397,5,C1378,2023/3/10
123014637,3,C396,2023/9/5
123014647,1,C1072,2023/7/9
123017045,3,C873,2023/4/18
123019319,3,C135,2023/4/27
123019378,3,C1421,2023/1/18
123015481,1,C477,2023/5/28
123014684,3,C25,2023/11/21
123015551,3,C1319,2023/4/5
123016308,1,C731,2023/11/10
123015560,3,C44,2023/1/24
123019536,3,C713,2023/5/3
123017644,3,C1677,2023/11/23
123019588,3,C1253,2023/12/21
123017084,4,C559,2023/3/11
123019629,1,C587,2023/10/24
123016334,4,C276,2023/3/2
123015671,5,C1144,2023/6/3
123015681,3,C779,2023/1/7
123017683,4,C606,2023/1/21
123018052,3,C503,2023/10/17
123019932,4,C643,2023/12/21
123014779,2,C944,2023/10/13
123017197,3,C480,2023/8/22
123015786,3,C916,2023/5/10
123018690,2,C492,2023/12/23
123017748,4,C1542,2023/12/8
123016374,1,C800,2023/12/17
123017783,1,C254,2023/5/15
123020133,4,C710,2023/9/17
123020161,5,C481,2023/2/13
123020175,3,C1559,2023/7/11
123020197,3,C408,2023/11/1
123020226,3,C1692,2023/9/19
123020232,4,C464,2023/2/21
123014874,1,C979,2023/11/9
123018116,4,C84,2023/8/20
123017275,3,C1169,2023/8/5
123016518,1,C545,2023/10/1
123016546,1,C1124,2023/6/4
123016569,1,C419,2023/11/18
123018131,2,C186,2023/8/8
123018517,1,C572,2023/11/3
123016732,2,C1647,2023/10/19
123016750,2,C648,2023/6/18
123016775,2,C722,2023/12/5
123018217,3,C1045,2023/6/19
123018241,5,C1177,2023/9/14
123016799,3,C682,2023/5/20
123018269,3,C280,2023/11/6
123017457,3,C1108,2023/10/11
123015155,1,C545,2023/11/27
123016879,3,C1393,2023/12/1
123022865,3,C1005,2023/8/24
123021728,1,C547,2023/10/3
123020799,1,C836,2023/7/26
123020336,3,C277,2023/11/19
123022914,3,C1636,2023/8/7
123024195,3,C1126,2023/12/11
123023305,3,C954,2023/8/7
123020339,1,C1485,2023/12/10
123024276,1,C771,2023/11/8
123022222,2,C439,2023/1/9
123022960,1,C1142,2023/4/27
123022286,3,C1332,2023/12/17
123023020,1,C977,2023/11/5
123023814,1,C724,2023/10/25
123022327,1,C798,2023/9/27
123021799,5,C295,2023/11/25
123024678,1,C1741,2023/6/9
123024721,4,C1412,2023/4/22
123022358,1,C1461,2023/9/21
123021168,4,C120,2023/5/4
123021169,3,C1287,2023/4/25
123023107,3,C853,2023/12/17
123024949,1,C6,2023/3/9
123023125,5,C1594,2023/7/16
123025113,1,C772,2023/3/1
123021260,1,C792,2023/9/1
123023159,5,C290,2023/6/16
123020403,3,C619,2023/9/27
123021266,4,C1720,2023/4/14
123025182,1,C1434,2023/12/21
123022412,4,C1595,2023/5/25
123025201,1,C196,2023/1/5
123025260,5,C326,2023/12/4
123024103,1,C427,2023/12/19
123023449,4,C938,2023/7/10
123021347,5,C845,2023/9/2
123021375,3,C1129,2023/6/14
123021385,3,C212,2023/9/22
123025357,1,C1512,2023/7/19
123020460,2,C1684,2023/12/15
123025427,3,C1535,2023/12/1
123025462,1,C1440,2023/8/5
123021485,2,C143,2023/11/9
123022494,4,C1261,2023/11/6
123023473,5,C303,2023/7/28
123022501,1,C1464,2023/11/3
123025531,5,C634,2023/7/24
123020481,5,C1196,2023/1/10
123023265,4,C1026,2023/10/16
123025558,1,C1075,2023/8/23
123021558,1,C335,2023/3/11
123023269,4,C420,2023/11/27
123024094,1,C312,2023/4/18
123023521,5,C1273,2023/11/9
123023548,3,C238,2023/10/3
123020572,5,C1506,2023/11/11
123023952,1,C909,2023/11/23
123023973,5,C252,2023/5/21
123021694,3,C796,2023/10/5
123024012,4,C1414,2023/5/3
123020663,4,C559,2023/2/11
123022690,1,C1329,2023/12/7
123023656,2,C355,2023/4/17
123022082,5,C1337,2023/5/6
123022108,3,C805,2023/1/22
123021702,1,C536,2023/8/11
123022119,4,C550,2023/6/1
123023714,4,C113,2023/4/21
123022131,5,C216,2023/3/18
123020713,1,C815,2023/1/5
123023744,3,C1425,2023/11/15
123022835,1,C1060,2023/3/4
123022856,2,C526,2023/12/18
123029594,5,C1437,2023/6/10
123025630,5,C383,2023/8/9
123026969,5,C1681,2023/8/12
123026973,1,C413,2023/1/5
123029867,3,C426,2023/3/5
123027465,1,C187,2023/9/22
123029895,5,C1047,2023/6/18
123026196,4,C1128,2023/8/10
123026208,3,C407,2023/8/4
123028299,4,C1526,2023/8/3
123026330,3,C761,2023/10/21
123028332,1,C639,2023/10/10
123027016,1,C438,2023/1/9
123028678,4,C744,2023/8/28
123028381,2,C376,2023/8/10
123028383,1,C462,2023/5/10
123030191,1,C894,2023/4/12
123030269,1,C1307,2023/6/14
123027651,5,C286,2023/12/21
123026463,1,C1435,2023/8/26
123030437,2,C809,2023/9/17
123026532,3,C1390,2023/11/12
123026898,1,C1627,2023/3/28
123025756,5,C273,2023/1/14
123030519,2,C1612,2023/5/8
123030650,1,C303,2023/3/6
123026616,5,C13,2023/11/21
123027143,5,C957,2023/12/26
123027728,5,C565,2023/8/23
123030856,5,C747,2023/9/11
123030886,5,C484,2023/9/27
123030938,3,C1475,2023/4/25
123031002,1,C275,2023/1/5
123026778,1,C962,2023/9/28
123031084,5,C729,2023/3/27
123027801,1,C1061,2023/11/3
123028552,2,C840,2023/7/23
123028567,4,C146,2023/10/11
123025851,5,C1657,2023/5/14
123027250,3,C1487,2023/6/2
123028871,5,C1413,2023/4/7
123028896,2,C110,2023/1/7
123027907,2,C742,2023/7/1
123028958,5,C1397,2023/9/21
123027927,1,C933,2023/8/10
123029417,1,C973,2023/12/18
123028101,3,C1513,2023/3/10
123028122,1,C258,2023/8/20
123026041,3,C1400,2023/12/2
123027378,5,C784,2023/8/12
123028128,1,C1527,2023/3/6
123027423,4,C1567,2023/4/4
123029079,3,C428,2023/5/1
123034005,1,C1313,2023/10/14
123033563,1,C828,2023/11/18
123031660,4,C1533,2023/6/8
123032512,4,C942,2023/9/5
123031675,1,C1303,2023/11/13
123034797,1,C1342,2023/12/4
123031695,4,C1389,2023/8/3
123034801,4,C1292,2023/4/4
123034460,2,C1570,2023/7/2
123031795,3,C640,2023/8/4
123032539,5,C634,2023/2/3
123034076,5,C527,2023/11/28
123032387,1,C660,2023/2/2
123035344,5,C1206,2023/3/17
123032601,4,C744,2023/4/25
123034115,4,C855,2023/9/13
123033727,3,C1665,2023/3/23
123034132,1,C525,2023/2/14
123033752,3,C920,2023/1/5
123033762,3,C1432,2023/2/22
123031237,4,C1194,2023/1/14
123031238,5,C563,2023/12/5
123033807,3,C1494,2023/6/6
123031246,2,C355,2023/9/20
123035790,2,C766,2023/8/14
123034176,2,C1374,2023/8/7
123031259,2,C510,2023/3/8
123033852,2,C1585,2023/8/27
123035965,2,C949,2023/3/3
123032148,4,C1292,2023/9/11
123032174,4,C1728,2023/6/5
123033892,4,C1425,2023/6/13
123032203,1,C1502,2023/9/16
123033955,5,C524,2023/1/28
123032271,5,C375,2023/5/11
123034819,1,C1107,2023/8/26
123036412,5,C811,2023/7/27
123033962,3,C600,2023/2/26
123036531,4,C318,2023/2/28
123032328,2,C904,2023/11/3
123036636,1,C284,2023/8/1
123034225,1,C972,2023/11/13
123033299,4,C901,2023/4/3
123032347,5,C1688,2023/3/11
123033310,3,C1440,2023/5/10
123032403,5,C1094,2023/9/7
123031317,4,C1533,2023/9/5
123032762,5,C380,2023/8/18
123033373,4,C2,2023/8/14
123032876,5,C139,2023/9/11
123031386,2,C916,2023/2/19
123033397,1,C379,2023/1/10
123033421,5,C1196,2023/2/26
123033427,4,C1602,2023/4/12
123032914,5,C301,2023/6/25
123034326,5,C1740,2023/11/13
123032941,4,C1668,2023/9/21
123033452,4,C474,2023/7/4
123034350,2,C771,2023/11/1
123031485,5,C1479,2023/11/28
123033460,3,C1173,2023/11/25
123031532,1,C777,2023/12/9
123032968,5,C217,2023/4/17
123031555,5,C1383,2023/5/28
123033490,1,C1350,2023/6/27
123034738,1,C195,2023/11/27
123034761,1,C98,2023/12/12
123034791,5,C1651,2023/3/10
123031584,3,C1349,2023/1/10
123033535,5,C1729,2023/11/8
123039732,1,C1084,2023/6/2
123040210,2,C1375,2023/11/16
123041124,2,C1035,2023/11/25
123038846,2,C1014,2023/8/27
123036725,5,C449,2023/6/15
123041152,1,C1398,2023/8/13
123039775,2,C159,2023/8/21
123040683,3,C1484,2023/5/21
123041276,1,C475,2023/10/10
123038866,3,C637,2023/6/6
123038298,5,C941,2023/5/26
123041359,5,C1257,2023/12/7
123041378,5,C1188,2023/7/8
123039836,2,C422,2023/8/17
123040262,1,C1016,2023/11/10
123041460,5,C264,2023/1/18
123039870,2,C1725,2023/10/3
123038317,4,C1631,2023/11/2
123039886,1,C567,2023/6/28
123037415,4,C1020,2023/9/11
123040717,2,C22,2023/7/13
123040721,4,C32,2023/4/2
123037420,5,C747,2023/10/10
123041644,1,C1234,2023/5/18
123041651,2,C103,2023/11/10
123040742,1,C327,2023/3/27
123037474,3,C1069,2023/6/25
123036795,5,C658,2023/12/11
123037479,2,C763,2023/2/18
123040287,5,C1726,2023/8/20
123038360,1,C1354,2023/12/17
123037510,1,C691,2023/5/18
123041888,1,C1740,2023/6/20
123036835,2,C1373,2023/4/25
123036859,4,C938,2023/12/12
123037552,5,C338,2023/6/27
123040328,5,C1358,2023/6/27
123037608,4,C1701,2023/8/16
123042131,1,C367,2023/11/28
123037623,3,C924,2023/6/5
123042165,4,C452,2023/10/6
123039976,1,C484,2023/7/12
123036892,3,C277,2023/6/15
123042226,3,C1356,2023/9/21
123042285,1,C1184,2023/8/25
123037772,2,C618,2023/6/21
123040372,1,C571,2023/8/7
123037775,5,C1462,2023/7/26
123042369,5,C988,2023/6/23
123036956,2,C406,2023/11/8
123037842,5,C485,2023/7/27
123040427,5,C1112,2023/6/2
123037881,3,C796,2023/8/17
123037896,1,C545,2023/9/28
123042659,1,C461,2023/8/19
123042704,4,C1487,2023/7/20
123040148,4,C558,2023/11/16
123038512,5,C1135,2023/8/28
123040837,4,C274,2023/5/23
123038513,3,C1333,2023/8/16
123038004,1,C1741,2023/7/9
123040434,5,C545,2023/1/18
123038025,1,C204,2023/9/9
123040439,5,C1280,2023/11/11
123040179,5,C316,2023/3/10
123039311,1,C1666,2023/10/24
123042918,1,C331,2023/8/25
123038574,1,C395,2023/11/27
123040480,5,C939,2023/5/11
123037016,5,C1588,2023/10/4
123040936,5,C1175,2023/12/4
123037088,1,C85,2023/3/13
123038191,2,C1093,2023/7/28
123039485,5,C1500,2023/8/18
123039496,1,C1485,2023/12/1
123040564,5,C1293,2023/6/14
123038734,3,C507,2023/11/20
123038766,5,C1680,2023/6/14
123038784,4,C1265,2023/10/19
123039631,5,C673,2023/5/21
123040629,2,C570,2023/12/27
123040633,2,C693,2023/5/27
123041103,1,C1423,2023/9/12
123038827,5,C792,2023/12/14
123047694,1,C1243,2023/6/14
123047377,4,C534,2023/1/15
123043517,2,C1240,2023/7/18
123047683,1,C419,2023/11/6
123047748,5,C1641,2023/7/28
123047835,4,C856,2023/7/8
123043538,1,C908,2023/8/3
123047419,2,C1548,2023/6/5
123047921,5,C1455,2023/9/21
123043590,1,C97,2023/7/18
123047962,2,C1320,2023/9/16
123043597,3,C696,2023/7/22
123048008,1,C498,2023/5/13
123043664,5,C829,2023/6/11
123048105,5,C1250,2023/6/22
123046307,2,C893,2023/3/11
123043675,3,C125,2023/11/17
123048187,2,C137,2023/7/10
123046341,2,C8,2023/5/24
